Benzema,97,Ouro,Especial,ATA,França,LaLiga Santander,Real Madrid,Mín.:354000 Máx.:6700000,3720000,0,0,3,true,true
Modrić,96,Ouro,Especial,MC,Croácia,LaLiga Santander,Real Madrid,--NA--,1240000,0,0,12,true,false
Hakimi,94,Ouro,Especial,LD,Marrocos,Ligue 1 Uber Eats,PSG,Mín.:229000 Máx.:4300000,2500000,0,0,7,true,true
Best,94,Ouro,Especial,PD,Irlanda do Norte,Ídolos,ÍDOLO,Mín.:300000 Máx.:5700000,1700000,0,0,5,true,true
Cantona,94,Ouro,Especial,SA,França,Ídolos,ÍDOLO,Mín.:500000 Máx.:9500000,4646000,0,0,7,true,true
Matthäus,93,Ouro,ICON,MC,Alemanha,Ídolos,ÍDOLO,--NA--,1900000,0,0,22,true,false
Álvarez,92,Ouro,Especial,ATA,Argentina,Premier League,Manchester City,Mín.:98500 Máx.:1900000,1095000,0,0,7,true,true
Casillas,92,Ouro,ICON,GOL,Espanha,Ídolos,ÍDOLO,Mín.:69000 Máx.:750000,319000,0,69000,6,false,false
Beckham,92,Ouro,ICON,MC,Inglaterra,Ídolos,ÍDOLO,Mín.:69000 Máx.:900000,590000,0,0,13,true,false
Cruyff,91,Ouro,ICON,ATA,Holanda,Ídolos,ÍDOLO,--NA--,1600000,0,0,28,true,false
Mbappé,91,Ouro,RARE,PE,França,Ligue 1 Uber Eats,PSG,--NA--,655000,0,0,30,true,false
Martial,91,Ouro,UEFA_EUROPA_RTTF,ATA,França,Premier League,Manchester Utd,--NA--,1099000,1100000,11102,14,false,false
Gabriel Martinelli,91,Ouro,UEFA_EUROPA_RTTF,ME,Brasil,Premier League,Arsenal,Mín.:38750 Máx.:750000,633000,0,0,3,true,true
Marquinhos,91,Ouro,Especial,ZAG,Brasil,Ligue 1 Uber Eats,PSG,Mín.:60000 Máx.:1100000,695000,0,0,5,true,true
Roberto Firmino,91,Ouro,UEFA_CHAMPIONS_RTTF,SA,Brasil,Premier League,Liverpool,Mín.:60000 Máx.:1100000,630000,0,0,2,true,true
De Bruyne,91,Ouro,RARE,MC,Bélgica,Premier League,Manchester City,Mín.:10500 Máx.:130000,88000,0,0,25,true,true
Rúben Dias,91,Ouro,FANTASY_FUT_ON,ZAG,Portugal,Premier League,Manchester City,Mín.:110000 Máx.:2100000,999000,0,0,3,true,true
Čech,91,Ouro,ICON,GOL,República Tcheca,Ídolos,ÍDOLO,Mín.:68500 Máx.:340000,189000,0,0,42,true,false
Diaby,90,Ouro,UEFA_EUROPA_RTTF,PD,França,Bundesliga,Leverkusen,--NA--,93600,0,0,15,true,false
Pogba,90,Ouro,Especial,MC,França,Serie A TIM,Juventus,--NA--,672250,0,0,1,true,false
Saliba,90,Ouro,FANTASY_FUT_ON,ZAG,França,Premier League,Arsenal,Mín.:106000 Máx.:2000000,914000,0,0,3,true,true
Hummels,90,Ouro,Especial,ZAG,Alemanha,Bundesliga,Borussia Dortmund,Mín.:11000 Máx.:190000,78500,0,0,7,true,true
Depay,90,Ouro,FANTASY_FUT_ON,PE,Holanda,LaLiga Santander,Atlético de Madrid,Mín.:3000 Máx.:35000,413550,0,0,11,true,false
El Shaarawy,89,Ouro,Especial,SA,Itália,Serie A TIM,Roma FC,--NA--,44000,0,0,5,true,true
Raspadori,89,Ouro,UEFA_CHAMPIONS_RTTF,ATA,Itália,Serie A TIM,Napoli FC,--NA--,200000,275000,10858,35,false,false
Upamecano,89,Ouro,FANTASY_FUT_ON,ZAG,França,Bundesliga,FC Bayern München,Mín.:40000 Máx.:750000,441000,0,0,3,true,true
Kaká,89,Ouro,ICON,MEI,Brasil,Ídolos,ÍDOLO,Mín.:67000 Máx.:600000,166000,0,0,9,true,false
Lamela,89,Ouro,UEFA_EUROPA_RTTF,PD,Argentina,LaLiga Santander,Sevilla FC,Mín.:11000 Máx.:80000,47000,0,0,2,true,false
Atal,89,Ouro,UECL_RTTF,LD,Argélia,Ligue 1 Uber Eats,OGC Nice,Mín.:18750 Máx.:350000,260000,0,0,36,true,false
Szczęsny,89,Ouro,Especial,GOL,Polônia,Serie A TIM,Juventus,Mín.:11000 Máx.:85000,48500,0,0,9,true,false
Smalling,88,Ouro,Especial,ZAG,Inglaterra,Serie A TIM,Roma FC,--NA--,121350,0,0,26,true,false
---,88,Ouro,Especial,ZAG,Inglaterra,Premier League,HERÓI,--NA--,380000,0,0,3,true,true
Capdevila,88,Ouro,Especial,LE,Espanha,LaLiga Santander,HERÓI,--NA--,1000000,0,0,8,true,false
Park Ji Sung,88,Ouro,Especial,MC,Coreia,Premier League,HERÓI,--NA--,740000,0,0,6,true,true
Antony,88,Ouro,Especial,PD,Brasil,Premier League,Manchester Utd,--NA--,675000,0,0,3,true,false
Pedro,88,Ouro,Especial,PE,Espanha,Serie A TIM,Latium,--NA--,114400,0,0,6,true,false
Maldini,88,Ouro,ICON,ZAG,Itália,Ídolos,ÍDOLO,--NA--,740000,0,0,37,true,false
Angeliño,88,Ouro,FANTASY_FUT_ON,ADE,Espanha,Bundesliga,TSG Hoffenheim,--NA--,39500,0,0,24,true,false
Balotelli,88,Ouro,Especial,ATA,Itália,CSSL ,FC Sion,--NA--,91300,0,0,4,true,false
Forlán,88,Ouro,LEAGUE_HERO,ATA,Uruguai,LaLiga Santander,HERÓI,Mín.:10750 Máx.:180000,35000,0,0,99,true,true
Milito,88,Ouro,LEAGUE_HERO,ATA,Argentina,Serie A TIM,HERÓI,Mín.:10750 Máx.:60000,34000,0,0,99,true,true
Mavididi,88,Ouro,Especial,ME,Inglaterra,Ligue 1 Uber Eats,Montpellier HSC,Mín.:10750 Máx.:65000,35000,0,0,99,true,true
Lucas Moura,88,Ouro,UEFA_CHAMPIONS_RTTF,PD,Brasil,Premier League,Spurs,Mín.:10750 Máx.:140000,77000,0,0,3,true,true
Maldini,88,Ouro,ICON,LE,Itália,Ídolos,ÍDOLO,Mín.:66000 Máx.:1200000,740000,0,0,15,true,true
Umtiti,88,Ouro,FANTASY_FUT_ON,ZAG,França,Serie A TIM,Lecce,Mín.:1000 Máx.:100000,146200,0,0,23,true,false
Dumfries,87,Ouro,Especial,LD,Holanda,Serie A TIM,Internazionale,--NA--,43750,0,0,22,true,false
Rashford,87,Ouro,Especial,ATA,Inglaterra,Premier League,Manchester Utd,--NA--,297800,0,0,22,true,false
Chukwueze,87,Ouro,Especial,MD,Nigéria,LaLiga Santander,Villarreal CF,Mín.:10750 Máx.:60000,22000,0,0,7,true,true
Mitoma,87,Ouro,FANTASY_FUT_ON,ME,Japão,Premier League,Brighton,Mín.:10750 Máx.:95000,67000,56500,10614,1,false,false
Trimmel,87,Ouro,FANTASY_FUT_ON,LD,Áustria,Bundesliga,Union Berlin,Mín.:10750 Máx.:50000,27000,29000,10614,9,false,false
João Mário,87,Ouro,CHAMPIONS_LIVE,MC,Portugal,Liga Portugal,SL Benfica,Mín.:2200 Máx.:22000,65100,0,0,5,true,false
Messi,87,Ouro,Especial,PD,Argentina,Ligue 1 Uber Eats,PSG,Mín.:80000 Máx.:1500000,441700,0,0,38,true,false
Gonçalo Ramos,87,Ouro,Especial,ATA,Portugal,Liga Portugal,SL Benfica,Mín.:5000 Máx.:50000,33200,0,0,26,true,false
Cristiano Ronaldo,87,Ouro,Especial,ATA,Portugal,Liga especial,Portugal,Mín.:159000 Máx.:3000000,468100,0,0,31,true,false
Wimmer,87,Ouro,FANTASY_FUT_ON,MD,Áustria,Bundesliga,VfL Wolfsburg,Mín.:10750 Máx.:45000,25750,0,0,7,true,false
Rashica,87,Ouro,FANTASY_FUT_ON,ME,Kosovo,Süper Lig,Galatasaray SK,Mín.:0 Máx.:0,30800,0,0,4,true,false
Bahebri,87,Ouro,Especial,PE,Arábia Saudita,ROSHN Saudi League,Al Shabab,Mín.:1000 Máx.:10000,0,0,0,6,true,false
Hincapié,87,Ouro,Especial,ZAG,Equador,Bundesliga,Leverkusen,Mín.:600 Máx.:45000,0,0,0,31,true,false
Pedro Gonçalves,87,Ouro,Especial,MC,Portugal,Liga Portugal,Sporting CP,Mín.:15750 Máx.:37500,20000,0,0,7,true,false
Kjær,87,Ouro,Especial,ZAG,Dinamarca,Serie A TIM,Milan,Mín.:10750 Máx.:40000,20500,0,0,7,true,false
Alexandre Pato,86,Ouro,Especial,ATA,Brasil,MLS,Orlando City,Mín.:10500 Máx.:42500,30000,0,0,9,true,true
Bellingham,86,Ouro,Especial,MC,Inglaterra,Bundesliga,Borussia Dortmund,Mín.:10500 Máx.:65000,37500,0,0,99,true,true
Sow,86,Ouro,Especial,MC,Suíça,Bundesliga,Frankfurt,Mín.:10500 Máx.:35000,16000,0,0,7,true,true
Schlotterbeck,86,Ouro,Especial,ZAG,Alemanha,Bundesliga,Borussia Dortmund,Mín.:10500 Máx.:55000,19000,0,0,38,true,false
Klostermann,86,Ouro,Especial,ZAG,Alemanha,Bundesliga,RB Leipzig,Mín.:10500 Máx.:100000,39500,0,0,42,true,false
Alaba,86,Ouro,RARE,ZAG,Áustria,LaLiga Santander,Real Madrid,Mín.:3600 Máx.:27500,16000,0,0,7,true,false
Gregore,85,Ouro,Especial,MEI,Brasil,MLS,Inter Miami,Mín.:1000 Máx.:10000,0,0,0,1,true,false
Tiago Ilori,85,Ouro,Especial,ZAG,Portugal,Liga Portugal,Paços Ferreira,Mín.:1000 Máx.:10000,0,0,0,7,true,false
Maldini,85,Ouro,Especial,ZAG,Itália,Serie A TIM,Spezia,Mín.:1000 Máx.:10000,0,0,0,2,true,false
Fekir,85,Ouro,RARE,MEI,França,LaLiga Santander,Real Betis,Mín.:2100 Máx.:19000,10500,0,0,7,true,false
Jorginho,85,Ouro,RARE,MC,Itália,Premier League,Arsenal,Mín.:2100 Máx.:19000,9900,0,0,7,true,false
Estupiñán,84,Ouro,Especial,LE,Equador,Premier League,Brighton,Mín.:10250 Máx.:30000,12250,0,10248,7,false,false
Omlin,84,Ouro,Especial,GOL,Suíça,Bundesliga,M'gladbach,Mín.:10250 Máx.:37500,11000,0,10248,7,false,false
Dest,84,Ouro,Especial,LD,Estados Unidos,Serie A TIM,Milan,Mín.:1000 Máx.:100000,0,0,0,17,true,false
Booth,84,Ouro,Especial,MC,Estados Unidos,Eredivisie,FC Utrecht,Mín.:650 Máx.:55000,14750,0,0,7,true,false
Madueke,84,Ouro,Especial,PD,Inglaterra,Premier League,Chelsea,Mín.:600 Máx.:30000,13000,0,0,3,true,false
Oxlade-Chamberlain,84,Ouro,Especial,MC,Inglaterra,Premier League,Liverpool,Mín.:650 Máx.:25000,17550,0,0,1,true,false
Tella,84,Ouro,Especial,ATA,Inglaterra,EFL Championship,Burnley,Mín.:10250 Máx.:30000,11750,0,0,7,true,false
Grealish,84,Ouro,RARE,PE,Inglaterra,Premier League,Manchester City,Mín.:1100 Máx.:10000,4000,0,0,7,true,false
Oyarzabal,84,Ouro,RARE,PE,Espanha,LaLiga Santander,Real Sociedad,Mín.:1100 Máx.:10000,3900,0,0,7,true,false
Matip,84,Ouro,RARE,ZAG,Camarões,Premier League,Liverpool,Mín.:1100 Máx.:10000,4000,0,0,7,true,false
Joan Jordán,84,Ouro,Especial,MC,Espanha,LaLiga Santander,Sevilla FC,Mín.:15250 Máx.:42500,15500,0,0,7,true,false
Carvajal,84,Ouro,RARE,LD,Espanha,LaLiga Santander,Real Madrid,Mín.:1100 Máx.:10000,4000,0,0,7,true,false
Çalhanoğlu,84,Ouro,RARE,MC,Turquia,Serie A TIM,Internazionale,Mín.:1100 Máx.:10000,4000,0,0,7,true,false
Chiellini,84,Ouro,RARE,ZAG,Itália,MLS,LAFC,Mín.:1100 Máx.:10000,3900,0,0,7,true,false
Hakimi,84,Ouro,RARE,LD,Marrocos,Ligue 1 Uber Eats,PSG,Mín.:1100 Máx.:14000,8500,0,0,7,true,false
Tadić,84,Ouro,RARE,PE,Sérvia,Eredivisie,Ajax,Mín.:1100 Máx.:10000,3900,0,0,7,true,false
Canales,84,Ouro,RARE,MD,Espanha,LaLiga Santander,Real Betis,Mín.:1100 Máx.:10000,4100,0,0,7,true,false
Pellegrini,84,Ouro,RARE,MEI,Itália,Serie A TIM,Roma FC,Mín.:1100 Máx.:10000,4000,0,0,7,true,false
Bonucci,84,Ouro,RARE,ZAG,Itália,Serie A TIM,Juventus,Mín.:1100 Máx.:10000,3900,0,0,7,true,false
Bounou,84,Ouro,RARE,GOL,Marrocos,LaLiga Santander,Sevilla FC,Mín.:1100 Máx.:10000,4000,0,0,7,true,false
Sergio Ramos,84,Ouro,RARE,ZAG,Espanha,Ligue 1 Uber Eats,PSG,Mín.:1100 Máx.:10000,4000,0,0,7,true,false
de Vrij,84,Ouro,RARE,ZAG,Holanda,Serie A TIM,Internazionale,Mín.:1100 Máx.:10000,4000,0,0,7,true,false
Mount,84,Ouro,RARE,MEI,Inglaterra,Premier League,Chelsea,Mín.:1100 Máx.:10000,3800,0,0,7,true,false
Kökçü,84,Ouro,Especial,MC,Turquia,Eredivisie,Feyenoord,Mín.:15250 Máx.:32500,15500,0,0,7,true,false
Martínez,84,Ouro,RARE,GOL,Argentina,Premier League,Aston Villa,Mín.:1100 Máx.:10000,4000,0,0,7,true,false
Mertens,84,Ouro,RARE,SA,Bélgica,Süper Lig,Galatasaray SK,Mín.:1100 Máx.:35000,5000,0,0,7,true,false
Tonali,84,Ouro,RARE,VOL,Itália,Serie A TIM,Milan,Mín.:1100 Máx.:10000,4000,0,0,7,true,false
Redmond,83,Ouro,Especial,MD,Inglaterra,Süper Lig,Beşiktaş JK,Mín.:10250 Máx.:30000,10500,0,10126,7,false,false
Fabián,83,Ouro,RARE,MC,Espanha,Ligue 1 Uber Eats,PSG,Mín.:800 Máx.:10000,1100,0,750,7,false,false
Gabriel Jesus,83,Ouro,RARE,ATA,Brasil,Premier League,Arsenal,Mín.:800 Máx.:10000,1800,0,750,7,false,false
Romero,83,Ouro,RARE,ZAG,Argentina,Premier League,Spurs,Mín.:800 Máx.:10000,1100,0,750,7,false,false
Wilson Manafá,83,Ouro,Especial,LD,Portugal,Liga Portugal,FC Porto,Mín.:100 Máx.:10000,0,0,0,1,true,false
Nuno Santos,83,Ouro,Especial,ME,Portugal,Liga Portugal,Sporting CP,Mín.:100 Máx.:10000,0,0,0,4,true,false
Al Dawsari,83,Ouro,Especial,PE,Arábia Saudita,ROSHN Saudi League,Al Hilal,Mín.:650 Máx.:10000,0,0,0,0,true,false
Højbjerg,83,Ouro,RARE,VOL,Dinamarca,Premier League,Spurs,Mín.:800 Máx.:10000,1100,0,0,7,true,false
Marco Asensio,83,Ouro,RARE,PD,Espanha,LaLiga Santander,Real Madrid,Mín.:800 Máx.:10000,1100,0,0,7,true,false
Hrádecký,83,Ouro,RARE,GOL,Finlândia,Bundesliga,Leverkusen,Mín.:800 Máx.:10000,1000,0,0,3,true,false
Baumann,83,Ouro,RARE,GOL,Alemanha,Bundesliga,TSG Hoffenheim,Mín.:800 Máx.:10000,1000,0,0,7,true,false
Steffen,83,Ouro,Especial,ME,Suíça,CSSL ,FC Lugano,Mín.:10250 Máx.:30000,11250,0,0,7,true,false
Pau Torres,83,Ouro,RARE,ZAG,Espanha,LaLiga Santander,Villarreal CF,Mín.:800 Máx.:10000,1200,0,0,7,true,false
Schmeichel,83,Ouro,RARE,GOL,Dinamarca,Ligue 1 Uber Eats,OGC Nice,Mín.:800 Máx.:10000,1100,0,0,7,true,false
Zapata,83,Ouro,RARE,ATA,Colômbia,Serie A TIM,Bergamo Calcio,Mín.:800 Máx.:10000,1000,0,0,7,true,false
Angeliño,83,Ouro,RARE,ADE,Espanha,Bundesliga,TSG Hoffenheim,Mín.:800 Máx.:10000,1000,0,0,7,true,false
Fernando,83,Ouro,RARE,VOL,Brasil,LaLiga Santander,Sevilla FC,Mín.:800 Máx.:10000,1100,0,0,7,true,false
Stones,83,Ouro,RARE,ZAG,Inglaterra,Premier League,Manchester City,Mín.:800 Máx.:10000,1000,0,0,7,true,false
Luis Alberto,83,Ouro,RARE,MC,Espanha,Serie A TIM,Latium,Mín.:800 Máx.:10000,1100,0,0,7,true,false
Merino,83,Ouro,RARE,MC,Espanha,LaLiga Santander,Real Sociedad,Mín.:800 Máx.:35000,1000,0,0,7,true,false
Mendy,83,Ouro,RARE,LE,França,LaLiga Santander,Real Madrid,Mín.:800 Máx.:10000,4500,0,0,7,true,false
Rúben Neves,83,Ouro,RARE,MC,Portugal,Premier League,Wolves,Mín.:800 Máx.:10000,950,0,0,7,true,false
David Silva,83,Ouro,RARE,MEI,Espanha,LaLiga Santander,Real Sociedad,Mín.:800 Máx.:10000,1100,0,0,7,true,false
Lemar,83,Ouro,RARE,MC,França,LaLiga Santander,Atlético de Madrid,Mín.:800 Máx.:12000,1100,0,0,7,true,false
Ricardo Pereira,83,Ouro,RARE,LD,Portugal,Premier League,Leicester City,Mín.:800 Máx.:10000,1100,0,0,7,true,false
Unai Simón,83,Ouro,RARE,GOL,Espanha,LaLiga Santander,Athletic Bilbao,Mín.:800 Máx.:10000,1000,0,0,7,true,false
Rui Patrício,82,Ouro,RARE,GOL,Portugal,Serie A TIM,Roma FC,--NA--,750,0,0,7,true,false
Eriksen,82,Ouro,RARE,MC,Dinamarca,Premier League,Manchester Utd,Mín.:700 Máx.:10000,750,0,580,7,false,false
Núñez,82,Ouro,RARE,ATA,Uruguai,Premier League,Liverpool,Mín.:700 Máx.:10000,1200,0,580,7,false,false
Locatelli,82,Ouro,RARE,VOL,Itália,Serie A TIM,Juventus,Mín.:700 Máx.:10000,1300,0,580,7,false,false
Niakaté,82,Ouro,Especial,ZAG,França,Liga Portugal,SC Braga,Mín.:11000 Máx.:95000,0,0,0,19,true,false
Bruno Peres,82,Ouro,Especial,LD,Brasil,Süper Lig,Trabzonspor,Mín.:1000 Máx.:5000,0,0,0,7,true,false
Christensen,82,Ouro,RARE,ZAG,Dinamarca,LaLiga Santander,FC Barcelona,Mín.:700 Máx.:10000,750,0,0,7,true,false
Kramarić,82,Ouro,RARE,SA,Croácia,Bundesliga,TSG Hoffenheim,Mín.:700 Máx.:10000,750,0,0,7,true,false
André Silva,82,Ouro,RARE,ATA,Portugal,Bundesliga,RB Leipzig,Mín.:700 Máx.:10000,750,0,0,7,true,false
Brandt,82,Ouro,RARE,MEI,Alemanha,Bundesliga,Borussia Dortmund,Mín.:700 Máx.:10000,750,0,0,7,true,false
Álex Remiro,82,Ouro,RARE,GOL,Espanha,LaLiga Santander,Real Sociedad,Mín.:700 Máx.:10000,750,0,0,7,true,false
Ramsdale,82,Ouro,RARE,GOL,Inglaterra,Premier League,Arsenal,Mín.:700 Máx.:10000,800,0,0,7,true,false
Haller,82,Ouro,RARE,ATA,C. Marfim,Bundesliga,Borussia Dortmund,Mín.:700 Máx.:10000,750,0,0,7,true,false
Santos,81,Ouro,Especial,ATA,Uruguai,Libertadores,Talleres,Mín.:9900 Máx.:30000,19500,0,9882,7,false,false
Sakala,81,Ouro,Especial,ATA,Zâmbia,cinch Prem,Rangers,Mín.:9900 Máx.:30000,11000,0,9882,7,false,false
Haji Safi,81,Ouro,Especial,LE,Irã,Hellas Liga,AEK Atenas,Mín.:9900 Máx.:30000,10000,0,9882,7,false,false
Musso,81,Ouro,RARE,GOL,Argentina,Serie A TIM,Bergamo Calcio,Mín.:650 Máx.:10000,700,0,575,7,false,false
Hofmann,81,Ouro,RARE,MEI,Alemanha,Bundesliga,M'gladbach,Mín.:650 Máx.:10000,700,0,575,7,false,false
Musiala,81,Ouro,RARE,MC,Alemanha,Bundesliga,FC Bayern München,Mín.:650 Máx.:10000,700,0,575,7,false,false
Lucas Vázquez,81,Ouro,RARE,LD,Espanha,LaLiga Santander,Real Madrid,Mín.:650 Máx.:10000,700,0,575,7,false,false
José Sá,81,Ouro,RARE,GOL,Portugal,Premier League,Wolves,Mín.:650 Máx.:10000,700,0,575,7,false,false
Iñaki Williams,81,Ouro,RARE,ATA,Gana,LaLiga Santander,Athletic Bilbao,Mín.:700 Máx.:13000,750,0,575,7,false,false
Taremi,81,Ouro,RARE,ATA,Irã,Liga Portugal,FC Porto,Mín.:650 Máx.:10000,700,0,575,7,false,false
Pašalić,81,Ouro,RARE,MEI,Croácia,Serie A TIM,Bergamo Calcio,Mín.:650 Máx.:10000,700,0,575,7,false,false
Rafael Tolói,81,Ouro,RARE,ZAG,Itália,Serie A TIM,Bergamo Calcio,Mín.:650 Máx.:10000,700,0,575,7,false,false
Fofana,81,Ouro,RARE,MC,C. Marfim,Ligue 1 Uber Eats,RC Lens,Mín.:650 Máx.:10000,700,0,575,7,false,false
Terrier,81,Ouro,Comum,PE,França,Ligue 1 Uber Eats,Stade Rennais FC,Mín.:350 Máx.:10000,1100,0,324,7,false,false
Pedro Gonçalves,81,Ouro,Comum,PD,Portugal,Liga Portugal,Sporting CP,Mín.:350 Máx.:10000,900,0,288,7,false,false
Le Normand,81,Ouro,Comum,ZAG,França,LaLiga Santander,Real Sociedad,Mín.:350 Máx.:10000,400,0,288,7,false,false
Adams,81,Ouro,Especial,MC,Estados Unidos,Premier League,Leeds United,Mín.:9900 Máx.:37500,17750,0,0,4,true,false
Sangaré,81,Ouro,RARE,VOL,C. Marfim,Eredivisie,PSV,Mín.:650 Máx.:10000,800,0,0,7,true,false
Bruno Guimarães,81,Ouro,RARE,MC,Brasil,Premier League,Newcastle Utd,Mín.:650 Máx.:10000,800,0,0,7,true,false
Itten,81,Ouro,Especial,ATA,Suíça,CSSL ,BSC Young Boys,Mín.:9900 Máx.:30000,10750,0,0,7,true,false
Forsberg,81,Ouro,RARE,MEI,Suécia,Bundesliga,RB Leipzig,Mín.:650 Máx.:10000,700,0,0,7,true,false
Neto,81,Ouro,RARE,GOL,Brasil,Premier League,AFC Bournemouth,Mín.:650 Máx.:10000,700,0,0,7,true,false
Mkhitaryan,81,Ouro,RARE,MEI,Armênia,Serie A TIM,Internazionale,Mín.:650 Máx.:10000,700,0,0,7,true,false
Andrich,81,Ouro,RARE,VOL,Alemanha,Bundesliga,Leverkusen,Mín.:650 Máx.:10000,700,0,0,7,true,false
Torreira,81,Ouro,RARE,VOL,Uruguai,Süper Lig,Galatasaray SK,Mín.:650 Máx.:10000,700,0,0,7,true,false
Oscar,81,Ouro,RARE,MEI,Brasil,CSL,Shanghai Port,Mín.:650 Máx.:10000,700,0,0,7,true,false
Politano,81,Ouro,RARE,PD,Itália,Serie A TIM,Napoli FC,Mín.:650 Máx.:10000,700,0,0,7,true,false
Tagliafico,81,Ouro,RARE,LE,Argentina,Ligue 1 Uber Eats,Lyon,Mín.:650 Máx.:10000,750,0,0,7,true,false
Ndicka,81,Ouro,RARE,ZAG,França,Bundesliga,Frankfurt,Mín.:950 Máx.:17000,1000,0,0,7,true,false
Vlachodimos,81,Ouro,RARE,GOL,Grécia,Liga Portugal,SL Benfica,Mín.:650 Máx.:10000,700,0,0,7,true,false
Raum,81,Ouro,RARE,ADE,Alemanha,Bundesliga,RB Leipzig,Mín.:650 Máx.:10000,700,0,0,7,true,false
Lo Celso,81,Ouro,RARE,MC,Argentina,LaLiga Santander,Villarreal CF,Mín.:650 Máx.:10000,700,0,0,7,true,false
Ward-Prowse,81,Ouro,Comum,MC,Inglaterra,Premier League,Southampton,Mín.:350 Máx.:10000,550,0,0,7,true,false
Martínez,81,Ouro,RARE,ZAG,Argentina,Premier League,Manchester Utd,Mín.:1800 Máx.:32500,1900,0,0,7,true,false
Felipe,81,Ouro,Comum,ZAG,Brasil,Premier League,Nott'm Forest,Mín.:300 Máx.:5000,500,0,0,7,true,false
Vertonghen,81,Ouro,RARE,ZAG,Bélgica,1A Pro League,RSC Anderlecht,Mín.:650 Máx.:10000,700,0,0,7,true,false
Upamecano,81,Ouro,RARE,ZAG,França,Bundesliga,FC Bayern München,Mín.:650 Máx.:10000,700,0,0,7,true,false
Wan-Bissaka,80,Ouro,RARE,LD,Inglaterra,Premier League,Manchester Utd,Mín.:650 Máx.:10000,850,0,570,3,false,false
Deulofeu,80,Ouro,RARE,SA,Espanha,Serie A TIM,Udinese,Mín.:650 Máx.:50000,700,0,570,7,false,false
Sinisterra,80,Ouro,RARE,PE,Colômbia,Premier League,Leeds United,Mín.:650 Máx.:10000,1600,0,570,7,false,false
Sabitzer,80,Ouro,RARE,MC,Áustria,Premier League,Manchester Utd,Mín.:650 Máx.:10000,700,0,570,7,false,false
Martial,80,Ouro,RARE,ATA,França,Premier League,Manchester Utd,Mín.:650 Máx.:10000,700,0,570,7,false,false
Traoré,80,Ouro,RARE,LD,Mali,Ligue 1 Uber Eats,Stade Rennais FC,Mín.:650 Máx.:10000,800,0,570,7,false,false
Rabiot,80,Ouro,RARE,MC,França,Serie A TIM,Juventus,Mín.:1300 Máx.:23000,1400,0,570,7,false,false
Hamšík,80,Ouro,RARE,MC,Eslováquia,Süper Lig,Trabzonspor,Mín.:650 Máx.:10000,700,0,570,7,false,false
Lafont,80,Ouro,RARE,GOL,França,Ligue 1 Uber Eats,FC Nantes,Mín.:650 Máx.:10000,700,0,570,7,false,false
Clauss,80,Ouro,RARE,ADD,França,Ligue 1 Uber Eats,OM,Mín.:650 Máx.:10000,700,0,570,7,false,false
Álvarez,80,Ouro,RARE,VOL,México,Eredivisie,Ajax,Mín.:650 Máx.:10000,700,0,570,7,false,false
Ortega,80,Ouro,RARE,GOL,Alemanha,Premier League,Manchester City,Mín.:650 Máx.:10000,700,0,570,7,false,false
Kampl,80,Ouro,Comum,MC,Eslovênia,Bundesliga,RB Leipzig,Mín.:350 Máx.:10000,450,0,284,7,false,false
Ochoa,80,Ouro,Comum,GOL,México,Serie A TIM,Salernitana,Mín.:350 Máx.:10000,400,0,284,7,false,false
Aránguiz,80,Ouro,Comum,VOL,Chile,Bundesliga,Leverkusen,Mín.:350 Máx.:10000,450,0,284,7,false,false
Leahy,80,Ouro,Especial,MC,Inglaterra,EFL League One,Shrewsbury,Mín.:9800 Máx.:30000,10750,0,0,7,true,false
Arslan,80,Ouro,Especial,MC,Alemanha,3. Liga,Dynamo Dresden,Mín.:9800 Máx.:30000,11000,0,0,7,true,false
Nélson Semedo,80,Ouro,RARE,ADD,Portugal,Premier League,Wolves,Mín.:650 Máx.:10000,700,0,0,7,true,false
Benítez,80,Ouro,RARE,GOL,Argentina,Eredivisie,PSV,Mín.:650 Máx.:10000,700,0,0,7,true,false
Fred,80,Ouro,RARE,MC,Brasil,Premier League,Manchester Utd,Mín.:650 Máx.:10000,700,0,0,7,true,false
Consigli,80,Ouro,Comum,GOL,Itália,Serie A TIM,Sassuolo,Mín.:350 Máx.:10000,400,0,0,7,true,false
Javi Galán,80,Ouro,Comum,LE,Espanha,LaLiga Santander,Celta Vigo,Mín.:350 Máx.:10000,550,0,0,7,true,false
Günter,80,Ouro,RARE,LE,Alemanha,Bundesliga,SC Freiburg,Mín.:650 Máx.:10000,700,0,0,7,true,false
Baku,80,Ouro,RARE,MD,Alemanha,Bundesliga,VfL Wolfsburg,Mín.:650 Máx.:10000,700,0,0,7,true,false
Hazard,80,Ouro,RARE,ME,Bélgica,Eredivisie,PSV,Mín.:600 Máx.:5200,700,0,0,7,true,false
Reguilón,80,Ouro,RARE,ADE,Espanha,LaLiga Santander,Atlético de Madrid,Mín.:650 Máx.:10000,700,0,0,7,true,false
Tsygankov,80,Ouro,RARE,MD,Ucrânia,LaLiga Santander,Girona FC,Mín.:600 Máx.:5200,700,0,0,7,true,false
Ledesma,80,Ouro,Comum,GOL,Argentina,LaLiga Santander,Cádiz CF,Mín.:350 Máx.:10000,400,0,0,7,true,false
Saúl,80,Ouro,RARE,MC,Espanha,LaLiga Santander,Atlético de Madrid,Mín.:650 Máx.:10000,700,0,0,7,true,false
Barnes,80,Ouro,Comum,ME,Inglaterra,Premier League,Leicester City,Mín.:350 Máx.:10000,450,0,0,7,true,false
Shaw,80,Ouro,RARE,LE,Inglaterra,Premier League,Manchester Utd,Mín.:650 Máx.:10000,1000,0,0,7,true,false
Bailey,80,Ouro,RARE,MD,Jamaica,Premier League,Aston Villa,Mín.:650 Máx.:10000,700,0,0,7,true,false
Morales,80,Ouro,RARE,ME,Espanha,LaLiga Santander,Villarreal CF,Mín.:650 Máx.:30000,700,0,0,7,true,false
Leno,80,Ouro,RARE,GOL,Alemanha,Premier League,Fulham,Mín.:650 Máx.:10000,700,0,0,7,true,false
Mignolet,80,Ouro,RARE,GOL,Bélgica,1A Pro League,Club Brugge,Mín.:650 Máx.:10000,700,0,0,7,true,false
Coquelin,80,Ouro,RARE,MC,França,LaLiga Santander,Villarreal CF,Mín.:650 Máx.:35000,700,0,0,7,true,false
Blind,80,Ouro,Comum,ZAG,Holanda,Bundesliga,FC Bayern München,Mín.:300 Máx.:5000,450,0,0,7,true,false
Layouni,79,Ouro,Especial,PD,Tunísia,A-League,WS Wanderers,Mín.:9700 Máx.:30000,10500,0,9638,7,false,false
Antonio,79,Ouro,RARE,ATA,Jamaica,Premier League,West Ham,Mín.:650 Máx.:10000,700,0,560,7,false,false
Trossard,79,Ouro,RARE,ME,Bélgica,Premier League,Arsenal,Mín.:650 Máx.:10000,750,0,560,7,false,false
Raspadori,79,Ouro,RARE,SA,Itália,Serie A TIM,Napoli FC,Mín.:650 Máx.:10000,700,0,560,7,false,false
Lazzari,79,Ouro,RARE,LD,Itália,Serie A TIM,Latium,Mín.:650 Máx.:10000,700,0,560,7,false,false
David,79,Ouro,RARE,ATA,Canadá,Ligue 1 Uber Eats,LOSC Lille,Mín.:650 Máx.:10000,700,0,560,7,false,false
Brekalo,79,Ouro,RARE,SA,Croácia,Serie A TIM,Fiorentina,Mín.:650 Máx.:10000,700,0,560,7,false,false
Stanciu,79,Ouro,RARE,MC,Romênia,CSL,Wuhan 3 Towns,Mín.:650 Máx.:10000,700,0,560,7,false,false
Luis Milla,79,Ouro,RARE,VOL,Espanha,LaLiga Santander,Getafe CF,Mín.:650 Máx.:10000,700,0,560,7,false,false
Sánchez,79,Ouro,RARE,ZAG,Colômbia,Premier League,Spurs,Mín.:650 Máx.:10000,700,0,560,7,false,false
Wilson,79,Ouro,RARE,ATA,Inglaterra,Premier League,Newcastle Utd,Mín.:650 Máx.:10000,700,0,560,7,false,false
Gouiri,79,Ouro,RARE,ATA,França,Ligue 1 Uber Eats,Stade Rennais FC,Mín.:650 Máx.:10000,700,0,560,7,false,false
Özcan,79,Ouro,RARE,VOL,Turquia,Bundesliga,Borussia Dortmund,Mín.:650 Máx.:11000,700,0,560,7,false,false
Chukwueze,79,Ouro,RARE,MD,Nigéria,LaLiga Santander,Villarreal CF,Mín.:650 Máx.:10000,700,0,560,7,false,false
Matheus Reis,79,Ouro,RARE,ZAG,Brasil,Liga Portugal,Sporting CP,Mín.:650 Máx.:10000,700,0,545,7,false,false
João Mário,79,Ouro,Comum,MC,Portugal,Liga Portugal,SL Benfica,Mín.:350 Máx.:10000,550,0,280,7,false,false
Bijlow,79,Ouro,Comum,GOL,Holanda,Eredivisie,Feyenoord,Mín.:350 Máx.:10000,400,0,280,7,false,false
de Jong,79,Ouro,Comum,ATA,Holanda,Eredivisie,PSV,Mín.:350 Máx.:10000,900,0,280,7,false,false
Pau López,79,Ouro,Comum,GOL,Espanha,Ligue 1 Uber Eats,OM,Mín.:350 Máx.:10000,1700,0,280,7,false,false
Jonny,79,Ouro,Comum,ADE,Espanha,Premier League,Wolves,Mín.:350 Máx.:10000,400,0,280,7,false,false
Evans,79,Ouro,Comum,ZAG,Irlanda do Norte,Premier League,Leicester City,Mín.:350 Máx.:10000,400,0,280,7,false,false
Doucouré,79,Ouro,Comum,MC,Mali,Premier League,Everton,Mín.:350 Máx.:10000,400,0,280,7,false,false
Rossi,79,Ouro,Especial,GOL,Argentina,Libertadores,Boca Juniors,Mín.:650 Máx.:10000,900,0,0,7,true,false
Xhaka,79,Ouro,Comum,VOL,Suíça,Premier League,Arsenal,Mín.:350 Máx.:10000,900,0,0,7,true,false
Weigl,79,Ouro,Comum,MC,Alemanha,Bundesliga,M'gladbach,Mín.:350 Máx.:10000,400,0,0,7,true,false
Szoboszlai,79,Ouro,RARE,MEI,Hungria,Bundesliga,RB Leipzig,Mín.:650 Máx.:10000,700,0,0,7,true,false
Witsel,79,Ouro,Comum,VOL,Bélgica,LaLiga Santander,Atlético de Madrid,Mín.:350 Máx.:10000,400,0,0,7,true,false
Henderson,79,Ouro,Comum,GOL,Inglaterra,Premier League,Nott'm Forest,Mín.:350 Máx.:10000,500,0,0,7,true,false
Fofana,79,Ouro,RARE,VOL,França,Ligue 1 Uber Eats,AS Monaco,Mín.:650 Máx.:10000,700,0,0,7,true,false
Konsa,79,Ouro,RARE,ZAG,Inglaterra,Premier League,Aston Villa,Mín.:650 Máx.:10000,700,0,0,7,true,false
David Neres,79,Ouro,RARE,PD,Brasil,Liga Portugal,SL Benfica,Mín.:650 Máx.:10000,700,0,0,7,true,false
Bentancur,79,Ouro,RARE,MC,Uruguai,Premier League,Spurs,Mín.:650 Máx.:10000,700,0,0,7,true,false
Luiz Felipe,79,Ouro,RARE,ZAG,Itália,LaLiga Santander,Real Betis,Mín.:650 Máx.:10000,700,0,0,7,true,false
Ismaily,79,Ouro,RARE,LE,Brasil,Ligue 1 Uber Eats,LOSC Lille,Mín.:650 Máx.:10000,700,0,0,7,true,false
Gravenberch,79,Ouro,RARE,MC,Holanda,Bundesliga,FC Bayern München,Mín.:650 Máx.:10000,700,0,0,7,true,false
Armani,79,Ouro,Especial,GOL,Argentina,Libertadores,River Plate,Mín.:650 Máx.:10000,700,0,0,7,true,false
Marušić,79,Ouro,RARE,LE,Montenegro,Serie A TIM,Latium,Mín.:650 Máx.:10000,700,0,0,7,true,false
Mbemba,79,Ouro,RARE,ZAG,RD do Congo,Ligue 1 Uber Eats,OM,Mín.:650 Máx.:10000,700,0,0,7,true,false
Omlin,79,Ouro,Comum,GOL,Suíça,Bundesliga,M'gladbach,Mín.:300 Máx.:5000,400,0,0,7,true,false
Martínez,78,Ouro,RARE,ATA,Venezuela,MLS,Inter Miami,Mín.:600 Máx.:5000,700,0,555,7,false,false
Endo,78,Ouro,RARE,MC,Japão,Bundesliga,VfB Stuttgart,Mín.:650 Máx.:10000,700,0,555,7,false,false
Kalulu,78,Ouro,RARE,ZAG,França,Serie A TIM,Milan,Mín.:650 Máx.:10000,700,0,555,7,false,false
Brahim,78,Ouro,RARE,MEI,Espanha,Serie A TIM,Milan,Mín.:650 Máx.:10000,700,0,555,7,false,false
Pérez,78,Ouro,Especial,VOL,Argentina,Libertadores,River Plate,Mín.:650 Máx.:10000,700,0,555,7,false,false
Cornet,78,Ouro,RARE,ME,C. Marfim,Premier League,West Ham,Mín.:650 Máx.:10000,700,0,555,7,false,false
Ruidíaz,78,Ouro,RARE,ATA,Peru,MLS,Sounders FC,Mín.:650 Máx.:10000,700,0,555,7,false,false
Caprari,78,Ouro,RARE,SA,Itália,Serie A TIM,Monza,Mín.:650 Máx.:10000,700,0,555,7,false,false
Simakan,78,Ouro,RARE,ZAG,França,Bundesliga,RB Leipzig,Mín.:650 Máx.:10000,700,0,545,7,false,false
Niakhaté,78,Ouro,RARE,ZAG,Senegal,Premier League,Nott'm Forest,Mín.:650 Máx.:10000,850,0,545,7,false,false
Lang,78,Ouro,Comum,PE,Holanda,1A Pro League,Club Brugge,Mín.:350 Máx.:10000,400,0,277,7,false,false
Arias,78,Ouro,Especial,GOL,Chile,Sul-Americana,Racing Club,Mín.:350 Máx.:10000,2800,0,277,7,false,false
Bravo,78,Ouro,Comum,GOL,Chile,LaLiga Santander,Real Betis,Mín.:350 Máx.:10000,400,0,277,7,false,false
Söyüncü,78,Ouro,Comum,ZAG,Turquia,Premier League,Leicester City,Mín.:350 Máx.:10000,400,0,277,7,false,false
Mandi,78,Ouro,Comum,ZAG,Argélia,LaLiga Santander,Villarreal CF,Mín.:350 Máx.:10000,400,0,277,7,false,false
Mario Gaspar,78,Ouro,Comum,LD,Espanha,EFL Championship,Watford,Mín.:350 Máx.:10000,400,0,277,7,false,false
Lovren,78,Ouro,Comum,ZAG,Croácia,Ligue 1 Uber Eats,Lyon,Mín.:350 Máx.:10000,1200,0,277,7,false,false
Mee,78,Ouro,Comum,ZAG,Inglaterra,Premier League,Brentford,Mín.:350 Máx.:10000,400,0,277,7,false,false
Romero,78,Ouro,Especial,GOL,Argentina,Libertadores,Boca Juniors,Mín.:650 Máx.:10000,700,0,0,7,true,false
Rochet,78,Ouro,Especial,GOL,Uruguai,Libertadores,Nacional,Mín.:650 Máx.:10000,3500,0,0,7,true,false
Aursnes,78,Ouro,Comum,VOL,Noruega,Liga Portugal,SL Benfica,Mín.:350 Máx.:10000,400,0,0,7,true,false
Zubeldia,78,Ouro,Comum,ZAG,Espanha,LaLiga Santander,Real Sociedad,Mín.:350 Máx.:10000,400,0,0,7,true,false
Molina,78,Ouro,Comum,ADD,Argentina,LaLiga Santander,Atlético de Madrid,Mín.:350 Máx.:10000,400,0,0,7,true,false
Bonaventura,78,Ouro,Comum,MC,Itália,Serie A TIM,Fiorentina,Mín.:350 Máx.:10000,900,0,0,7,true,false
Milner,78,Ouro,Comum,MC,Inglaterra,Premier League,Liverpool,Mín.:350 Máx.:10000,1100,0,0,7,true,false
Vicario,78,Ouro,Comum,GOL,Itália,Serie A TIM,Empoli,Mín.:350 Máx.:10000,400,0,0,7,true,false
Ighalo,78,Ouro,Comum,ATA,Nigéria,ROSHN Saudi League,Al Hilal,Mín.:350 Máx.:10000,400,0,0,7,true,false
Cresswell,78,Ouro,Comum,LE,Inglaterra,Premier League,West Ham,Mín.:350 Máx.:10000,650,0,0,7,true,false
Walker-Peters,78,Ouro,Comum,LD,Inglaterra,Premier League,Southampton,Mín.:350 Máx.:10000,600,0,0,7,true,false
Godín,77,Ouro,Especial,ZAG,Uruguai,Libertadores,Vélez Sarsfield,Mín.:650 Máx.:10000,750,0,545,7,false,false
Pessina,77,Ouro,Comum,MEI,Itália,Serie A TIM,Monza,Mín.:350 Máx.:10000,500,0,273,7,false,false
Oršić,77,Ouro,Comum,PE,Croácia,Premier League,Southampton,Mín.:300 Máx.:5000,350,0,273,7,false,false
Madueke,77,Ouro,Comum,PD,Inglaterra,Premier League,Chelsea,Mín.:350 Máx.:10000,400,0,273,7,false,false
Alberto Moreno,77,Ouro,Comum,LE,Espanha,LaLiga Santander,Villarreal CF,Mín.:350 Máx.:10000,500,0,273,7,false,false
Pedro Chirivella,77,Ouro,Comum,VOL,Espanha,Ligue 1 Uber Eats,FC Nantes,Mín.:350 Máx.:10000,950,0,273,7,false,false
Suárez,77,Ouro,Especial,ATA,Argentina,Libertadores,River Plate,Mín.:650 Máx.:10000,700,0,0,7,true,false
Benedetto,77,Ouro,Especial,ATA,Argentina,Libertadores,Boca Juniors,Mín.:650 Máx.:10000,800,0,0,7,true,false
Undav,77,Ouro,Comum,ATA,Alemanha,Premier League,Brighton,Mín.:350 Máx.:10000,400,0,0,7,true,false
Augustinsson,77,Ouro,Comum,LE,Suécia,LaLiga Santander,RCD Mallorca,Mín.:300 Máx.:5000,350,0,0,7,true,false
Willian Arão,77,Ouro,Comum,VOL,Brasil,Süper Lig,Fenerbahçe SK,Mín.:350 Máx.:10000,400,0,0,7,true,false
Bou,77,Ouro,Comum,ATA,Argentina,MLS,New England,Mín.:350 Máx.:10000,400,0,0,7,true,false
Awoniyi,77,Ouro,Comum,ATA,Nigéria,Premier League,Nott'm Forest,Mín.:350 Máx.:10000,400,0,0,7,true,false
Max,77,Ouro,Comum,LE,Alemanha,Bundesliga,Frankfurt,Mín.:300 Máx.:5000,400,0,0,7,true,false
Balotelli,77,Ouro,Comum,ATA,Itália,CSSL ,FC Sion,Mín.:350 Máx.:10000,400,0,0,7,true,false
Barrow,77,Ouro,Comum,SA,Gâmbia,Serie A TIM,Bologna,Mín.:350 Máx.:10000,400,0,0,7,true,false
Díaz,77,Ouro,Especial,ZAG,Chile,Libertadores,River Plate,Mín.:650 Máx.:10000,700,0,0,7,true,false
Stuani,77,Ouro,Comum,ATA,Uruguai,LaLiga Santander,Girona FC,Mín.:350 Máx.:10000,400,0,0,7,true,false
Borja,76,Ouro,Especial,ATA,Colômbia,Libertadores,River Plate,Mín.:650 Máx.:10000,700,0,540,7,false,false
Advíncula,76,Ouro,Especial,LD,Peru,Libertadores,Boca Juniors,Mín.:650 Máx.:10000,700,0,540,7,false,false
Fernández,76,Ouro,Especial,MC,Argentina,Libertadores,Boca Juniors,Mín.:650 Máx.:10000,700,0,540,7,false,false
Bernardoni,76,Ouro,Comum,GOL,França,Ligue 1 Uber Eats,Angers SCO,Mín.:350 Máx.:10000,400,0,270,7,false,false
Jota,76,Ouro,Comum,PE,Portugal,cinch Prem,Celtic,Mín.:350 Máx.:10000,500,0,270,7,false,false
Orsolini,76,Ouro,Comum,SA,Itália,Serie A TIM,Bologna,Mín.:350 Máx.:10000,400,0,270,7,false,false
Mukhtar,76,Ouro,Comum,SA,Alemanha,MLS,Nashville SC,Mín.:350 Máx.:10000,400,0,270,7,false,false
Pineda,76,Ouro,Comum,ME,México,Hellas Liga,AEK Atenas,Mín.:350 Máx.:10000,400,0,270,7,false,false
Budimir,76,Ouro,Comum,ATA,Croácia,LaLiga Santander,CA Osasuna,Mín.:350 Máx.:10000,400,0,270,7,false,false
Tenaglia,76,Ouro,Comum,LD,Argentina,LaLiga SmartBank,D. Alavés,Mín.:350 Máx.:10000,400,0,270,7,false,false
Brobbey,76,Ouro,Comum,ATA,Holanda,Eredivisie,Ajax,Mín.:350 Máx.:10000,700,0,270,7,false,false
Hoedt,76,Ouro,Comum,ZAG,Holanda,EFL Championship,Watford,Mín.:300 Máx.:5000,400,0,270,7,false,false
Struijk,76,Ouro,Comum,ZAG,Holanda,Premier League,Leeds United,Mín.:350 Máx.:10000,400,0,270,7,false,false
Gastien,76,Ouro,Comum,VOL,França,Ligue 1 Uber Eats,Clermont Foot 63,Mín.:350 Máx.:10000,400,0,270,7,false,false
Morelos,76,Ouro,Comum,ATA,Colômbia,cinch Prem,Rangers,Mín.:350 Máx.:10000,400,0,270,7,false,false
Biglia,76,Ouro,Comum,VOL,Argentina,Süper Lig,Başakşehir,Mín.:350 Máx.:10000,400,0,270,7,false,false
Trincão,76,Ouro,Comum,PD,Portugal,Liga Portugal,Sporting CP,Mín.:350 Máx.:10000,400,0,270,7,false,false
Ingason,76,Ouro,Comum,ZAG,Islândia,Hellas Liga,PAOK FC,Mín.:350 Máx.:10000,400,0,270,7,false,false
Vinícius,76,Ouro,Comum,ATA,Brasil,Premier League,Fulham,Mín.:350 Máx.:10000,400,0,270,7,false,false
Jakić,76,Ouro,Comum,VOL,Croácia,Bundesliga,Frankfurt,Mín.:350 Máx.:10000,400,0,270,7,false,false
Víctor Díaz,76,Ouro,Comum,ZAG,Espanha,LaLiga SmartBank,Granada CF,Mín.:350 Máx.:10000,500,0,270,7,false,false
Boselli,76,Ouro,Especial,ATA,Argentina,Libertadores,Estudiantes,Mín.:650 Máx.:10000,700,0,0,7,true,false
Yaremchuk,76,Ouro,Comum,ATA,Ucrânia,1A Pro League,Club Brugge,Mín.:350 Máx.:10000,500,0,0,7,true,false
Blanco,76,Ouro,Comum,MEI,Argentina,MLS,Portland Timbers,Mín.:350 Máx.:10000,400,0,0,7,true,false
Braithwaite,76,Ouro,Comum,ATA,Dinamarca,LaLiga Santander,RCD Espanyol,Mín.:350 Máx.:10000,400,0,0,7,true,false
Zampedri,76,Ouro,Especial,ATA,Argentina,Libertadores,Uni. Católica,Mín.:650 Máx.:10000,2000,0,0,7,true,false
Barco,76,Ouro,Especial,ME,Argentina,Libertadores,River Plate,Mín.:650 Máx.:10000,700,0,0,7,true,false
Tissoudali,76,Ouro,Comum,SA,Marrocos,1A Pro League,KAA Gent,Mín.:350 Máx.:10000,400,0,0,7,true,false
Vormer,76,Ouro,Comum,MC,Holanda,1A Pro League,Zulte Waregem,Mín.:300 Máx.:5000,350,0,0,7,true,false
Isla,76,Ouro,Especial,LD,Chile,Libertadores,Uni. Católica,Mín.:650 Máx.:10000,2100,0,0,7,true,false
Buyalskyi,76,Ouro,Comum,MC,Ucrânia,Ukrayina Liha,Dynamo Kyiv,Mín.:350 Máx.:10000,400,0,0,7,true,false
Wimmer,76,Ouro,Comum,MD,Áustria,Bundesliga,VfL Wolfsburg,Mín.:350 Máx.:10000,450,0,0,7,true,false
Laba,76,Ouro,Comum,ATA,Togo,United Emirates League,Al Ain FC,Mín.:350 Máx.:10000,400,0,0,7,true,false
Bamba,76,Ouro,Comum,ME,França,Ligue 1 Uber Eats,LOSC Lille,Mín.:350 Máx.:10000,1000,0,0,7,true,false
Fali,76,Ouro,Comum,ZAG,Espanha,LaLiga Santander,Cádiz CF,Mín.:350 Máx.:10000,400,0,0,7,true,false
Singo,76,Ouro,Comum,ADD,C. Marfim,Serie A TIM,Torino,Mín.:350 Máx.:10000,450,0,0,7,true,false
Guirassy,76,Ouro,Comum,ATA,Guiné,Bundesliga,VfB Stuttgart,Mín.:350 Máx.:10000,400,0,0,7,true,false
Toprak,76,Ouro,Comum,ZAG,Turquia,Süper Lig,Antalyaspor,Mín.:350 Máx.:10000,400,0,0,7,true,false
Andújar,75,Ouro,Especial,GOL,Argentina,Libertadores,Estudiantes,Mín.:600 Máx.:10000,650,0,535,7,false,false
Jean,75,Ouro,Especial,GOL,Brasil,Libertadores,Cerro Porteño,Mín.:600 Máx.:10000,3400,0,535,7,false,false
Pizzini,75,Ouro,Especial,MD,Argentina,Libertadores,Talleres,Mín.:600 Máx.:10000,2500,0,535,7,false,false
Martínez,75,Ouro,Especial,ZAG,Paraguai,Libertadores,River Plate,Mín.:600 Máx.:10000,700,0,535,7,false,false
Burián,75,Ouro,Especial,GOL,Uruguai,Libertadores,Vélez Sarsfield,Mín.:600 Máx.:10000,700,0,535,7,false,false
Barboza,75,Ouro,Especial,ZAG,Argentina,Libertadores,Libertad,Mín.:600 Máx.:10000,3500,0,535,7,false,false
Gómez,75,Ouro,Especial,LE,Argentina,Libertadores,River Plate,Mín.:600 Máx.:10000,700,0,535,7,false,false
Cornelius,75,Ouro,Comum,ATA,Dinamarca,3F Superliga,F.C. København,Mín.:300 Máx.:10000,400,0,266,7,false,false
Nuytinck,75,Ouro,Comum,ZAG,Holanda,Serie A TIM,Sampdoria,Mín.:300 Máx.:5000,450,0,266,7,false,false
Lindner,75,Ouro,Comum,GOL,Áustria,CSSL ,FC Sion,Mín.:300 Máx.:10000,350,0,266,7,false,false
Waldschmidt,75,Ouro,Comum,SA,Alemanha,Bundesliga,VfL Wolfsburg,Mín.:300 Máx.:10000,350,0,266,7,false,false
Sulemana,75,Ouro,Comum,PE,Gana,Premier League,Southampton,Mín.:300 Máx.:5000,400,0,266,7,false,false
Swift,75,Ouro,Comum,MEI,Inglaterra,EFL Championship,West Brom,Mín.:300 Máx.:10000,350,0,266,7,false,false
Ekdal,75,Ouro,Comum,MC,Suécia,Serie A TIM,Spezia,Mín.:300 Máx.:10000,450,0,266,7,false,false
Bittencourt,75,Ouro,Comum,MEI,Alemanha,Bundesliga,SV Werder Bremen,Mín.:300 Máx.:10000,350,0,266,7,false,false
Hamed,75,Ouro,Comum,VOL,Egito,ROSHN Saudi League,Al Ittihad,Mín.:300 Máx.:10000,350,0,266,7,false,false
Birindelli,75,Ouro,Comum,ADD,Itália,Serie A TIM,Monza,Mín.:300 Máx.:10000,350,0,266,7,false,false
Kainz,75,Ouro,Comum,ME,Áustria,Bundesliga,1. FC Köln,Mín.:300 Máx.:10000,650,0,266,7,false,false
Ngadeu,75,Ouro,Comum,ZAG,Camarões,1A Pro League,KAA Gent,Mín.:300 Máx.:10000,350,0,266,7,false,false
Spence,75,Ouro,Comum,ADD,Inglaterra,Ligue 1 Uber Eats,Stade Rennais FC,Mín.:300 Máx.:5000,1000,0,266,7,false,false
Díaz,75,Ouro,Especial,MEI,Equador,Sul-Americana,Barcelona SC,Mín.:300 Máx.:10000,3000,0,266,7,false,false
Haraslín,75,Ouro,Comum,ME,Eslováquia,Česká Liga,Sparta Praga,Mín.:300 Máx.:10000,350,0,266,7,false,false
Russell,75,Ouro,Comum,PD,Escócia,MLS,Sporting KC,Mín.:300 Máx.:10000,350,0,266,7,false,false
Yokuşlu,75,Ouro,Comum,VOL,Turquia,EFL Championship,West Brom,Mín.:300 Máx.:10000,350,0,266,7,false,false
Livramento,75,Ouro,Comum,LD,Inglaterra,Premier League,Southampton,Mín.:300 Máx.:10000,600,0,266,7,false,false
Michael,75,Ouro,Comum,PE,Brasil,ROSHN Saudi League,Al Hilal,Mín.:300 Máx.:10000,350,0,266,7,false,false
Balenziaga,75,Ouro,Comum,LE,Espanha,LaLiga Santander,Athletic Bilbao,Mín.:300 Máx.:10000,400,0,266,7,false,false
Edu Expósito,75,Ouro,Comum,MEI,Espanha,LaLiga Santander,RCD Espanyol,Mín.:300 Máx.:10000,400,0,266,7,false,false
Joel Robles,75,Ouro,Comum,GOL,Espanha,Premier League,Leeds United,Mín.:300 Máx.:10000,500,0,266,7,false,false
Dallas,75,Ouro,Comum,MC,Irlanda do Norte,Premier League,Leeds United,Mín.:300 Máx.:10000,400,0,266,7,false,false
Bašić,75,Ouro,Comum,MC,Croácia,Serie A TIM,Latium,Mín.:300 Máx.:10000,400,0,266,7,false,false
Martins Indi,75,Ouro,Comum,ZAG,Holanda,Eredivisie,AZ,Mín.:300 Máx.:10000,350,0,266,7,false,false
Rubén Pérez,75,Ouro,Comum,VOL,Espanha,Hellas Liga,Panathinaikos,Mín.:300 Máx.:10000,350,0,266,7,false,false
Valjent,75,Ouro,Comum,ZAG,Eslováquia,LaLiga Santander,RCD Mallorca,Mín.:300 Máx.:10000,400,0,266,7,false,false
Lucero,75,Ouro,Especial,ATA,Argentina,Libertadores,Colo-Colo,Mín.:600 Máx.:10000,10000,0,0,7,true,false
Gutiérrez,75,Ouro,Especial,ATA,Colômbia,Libertadores,Deportivo Cali,Mín.:600 Máx.:10000,7400,0,0,7,true,false
Bou,75,Ouro,Especial,ATA,Argentina,Libertadores,Vélez Sarsfield,Mín.:600 Máx.:10000,750,0,0,7,true,false
Shomurodov,75,Ouro,Comum,ATA,Uzbequistão,Serie A TIM,Spezia,Mín.:300 Máx.:5000,400,0,0,7,true,false
Farías,75,Ouro,Especial,ATA,Argentina,Libertadores,Colón,Mín.:600 Máx.:10000,3500,0,0,7,true,false
Kamara,75,Ouro,Comum,LE,C. Marfim,EFL Championship,Watford,Mín.:300 Máx.:10000,400,0,0,7,true,false
Žulj,75,Ouro,Comum,MEI,Áustria,Ö. Bundesliga,LASK,Mín.:300 Máx.:10000,350,0,0,7,true,false
Uzuni,75,Ouro,Comum,ME,Albânia,LaLiga SmartBank,Granada CF,Mín.:300 Máx.:10000,400,0,0,7,true,false
Colley,75,Ouro,Comum,ZAG,Gâmbia,Süper Lig,Beşiktaş JK,Mín.:300 Máx.:5000,350,0,0,7,true,false
Sottil,75,Ouro,Comum,PE,Itália,Serie A TIM,Fiorentina,Mín.:300 Máx.:10000,400,0,0,7,true,false
Palavecino,75,Ouro,Especial,MC,Argentina,Libertadores,River Plate,Mín.:600 Máx.:10000,650,0,0,7,true,false
Joelinton,75,Ouro,Comum,MC,Brasil,Premier League,Newcastle Utd,Mín.:300 Máx.:10000,450,0,0,7,true,false
Pinnock,75,Ouro,Comum,ZAG,Jamaica,Premier League,Brentford,Mín.:300 Máx.:10000,350,0,0,7,true,false
Chardonnet,75,Ouro,Comum,ZAG,França,Ligue 1 Uber Eats,Stade Brest,Mín.:300 Máx.:10000,400,0,0,7,true,false
Sornoza,75,Ouro,Especial,MEI,Equador,Libertadores,IDV,Mín.:600 Máx.:10000,2700,0,0,7,true,false
Gomis,75,Ouro,Comum,ATA,França,Süper Lig,Galatasaray SK,Mín.:300 Máx.:10000,350,0,0,7,true,false
Dabbur,75,Ouro,Comum,ATA,Israel,Bundesliga,TSG Hoffenheim,Mín.:300 Máx.:10000,350,0,0,7,true,false
Bell,75,Ouro,Comum,ZAG,Alemanha,Bundesliga,1. FSV Mainz 05,Mín.:300 Máx.:10000,350,0,0,7,true,false
Aktürkoğlu,75,Ouro,Comum,ME,Turquia,Süper Lig,Galatasaray SK,Mín.:300 Máx.:10000,350,0,0,7,true,false
Destanoğlu,75,Ouro,Comum,GOL,Turquia,Süper Lig,Beşiktaş JK,Mín.:300 Máx.:10000,350,0,0,7,true,false
Rodríguez,75,Ouro,Especial,VOL,Argentina,Libertadores,Estudiantes,Mín.:600 Máx.:10000,800,0,0,7,true,false
Lees-Melou,75,Ouro,Comum,MC,França,Ligue 1 Uber Eats,Stade Brest,Mín.:300 Máx.:10000,400,0,0,7,true,false
Duarte,75,Ouro,Comum,ZAG,Costa Rica,ROSHN Saudi League,Al Wehda,Mín.:300 Máx.:10000,350,0,0,7,true,false
Willock,75,Ouro,Comum,MC,Inglaterra,Premier League,Newcastle Utd,Mín.:300 Máx.:10000,400,0,0,7,true,false
Chará,75,Ouro,RARE,MEI,Colômbia,MLS,Portland Timbers,Mín.:600 Máx.:10000,700,0,0,7,true,false
Taylor,75,Ouro,Comum,LE,Inglaterra,EFL Championship,Burnley,Mín.:300 Máx.:10000,350,0,0,7,true,false
Bayo,75,Ouro,Comum,ATA,Guiné,Ligue 1 Uber Eats,LOSC Lille,Mín.:300 Máx.:10000,500,0,0,7,true,false
Callens,74,Prata,Especial,GOL,França,Ligue 2 BKT,FC Annecy,Mín.:7400 Máx.:30000,0,0,5000,7,false,false
André Horta,74,Prata,RARE,MC,Portugal,Liga Portugal,SC Braga,Mín.:300 Máx.:10000,10000,0,259,7,false,false
Tufan,74,Prata,RARE,MC,Turquia,EFL Championship,Hull City,Mín.:300 Máx.:10000,3000,0,259,7,false,false
Schranz,74,Prata,RARE,MD,Eslováquia,Česká Liga,Slavia Praga,Mín.:300 Máx.:10000,850,0,259,7,false,false
Guilherme,74,Prata,RARE,MD,Brasil,CSL,Guangzhou City,Mín.:300 Máx.:10000,800,0,259,7,false,false
Ewerton,74,Prata,RARE,ME,Brasil,Česká Liga,Slavia Praga,Mín.:300 Máx.:10000,950,0,259,7,false,false
Weah,74,Prata,RARE,MD,Estados Unidos,Ligue 1 Uber Eats,LOSC Lille,Mín.:300 Máx.:10000,1800,0,259,7,false,false
Jordi Masip,74,Prata,RARE,GOL,Espanha,LaLiga Santander,Real Valladolid,Mín.:300 Máx.:10000,550,0,259,7,false,false
Vanzeir,74,Prata,RARE,ATA,Bélgica,MLS,Red Bulls,Mín.:300 Máx.:5100,1500,0,259,7,false,false
Chavalerin,74,Prata,RARE,MC,França,Ligue 1 Uber Eats,ESTAC Troyes,Mín.:300 Máx.:10000,2100,0,259,7,false,false
Aramu,74,Prata,RARE,MEI,Itália,Serie BKT,Genoa,Mín.:300 Máx.:10000,500,0,259,7,false,false
Diogo Leite,74,Prata,RARE,ZAG,Portugal,Bundesliga,Union Berlin,Mín.:300 Máx.:10000,650,0,259,7,false,false
Zedadka,74,Prata,RARE,LD,Argélia,Ligue 1 Uber Eats,AJ Auxerre,Mín.:300 Máx.:5100,2600,0,259,7,false,false
Niederlechner,74,Prata,RARE,ATA,Alemanha,Bundesliga,Hertha Berlin,Mín.:300 Máx.:5100,1300,0,259,7,false,false
Nyom,74,Prata,RARE,LD,Camarões,LaLiga SmartBank,CD Leganés,Mín.:300 Máx.:10000,1200,0,259,7,false,false
Diagne,74,Prata,RARE,ATA,Senegal,Süper Lig,Karagümrük SK,Mín.:300 Máx.:10000,600,0,259,7,false,false
van Ginkel,74,Prata,RARE,MC,Holanda,Eredivisie,Vitesse,Mín.:300 Máx.:5100,5100,0,259,7,false,false
Hong Jeong Ho,74,Prata,RARE,ZAG,Coreia,K League 1,Jeonbuk Hyundai,Mín.:300 Máx.:10000,1400,0,259,7,false,false
Mama Baldé,74,Prata,Especial,ATA,Guiné-Bissau,Ligue 1 Uber Eats,ESTAC Troyes,Mín.:5200 Máx.:5100,0,0,0,7,true,false
Young,74,Prata,Especial,ME,Inglaterra,Premier League,Aston Villa,Mín.:1000 Máx.:10000,13300,0,0,7,true,false
Marin,74,Prata,Especial,MC,Romênia,Serie A TIM,Empoli,Mín.:150 Máx.:10000,0,0,0,7,true,false
Rodríguez,74,Prata,Especial,ZAG,Suíça,Serie A TIM,Torino,Mín.:150 Máx.:10000,0,0,0,7,true,false
Aboukhlal,74,Prata,Especial,MD,Marrocos,Ligue 1 Uber Eats,Toulouse FC,Mín.:150 Máx.:10000,0,0,0,7,true,false
Loum,73,Prata,RARE,VOL,Senegal,EFL Championship,Reading,Mín.:300 Máx.:10000,500,0,256,7,false,false
Kreilach,73,Prata,RARE,ATA,Croácia,MLS,Real Salt Lake,Mín.:300 Máx.:10000,900,0,256,7,false,false
Marmoush,73,Prata,RARE,ATA,Egito,Bundesliga,VfL Wolfsburg,Mín.:300 Máx.:10000,950,0,256,7,false,false
Aleñá,73,Prata,RARE,MC,Espanha,LaLiga Santander,Getafe CF,Mín.:300 Máx.:10000,1300,0,256,7,false,false
Soldado,73,Prata,RARE,ATA,Espanha,LaLiga SmartBank,Levante UD,Mín.:300 Máx.:10000,550,0,256,7,false,false
Djilobodji,73,Prata,RARE,ZAG,Senegal,Süper Lig,Gaziantep,Mín.:300 Máx.:10000,800,0,256,7,false,false
Randolph,73,Prata,RARE,GOL,Irlanda,Premier League,AFC Bournemouth,Mín.:300 Máx.:5100,2100,0,256,7,false,false
Coulibaly,73,Prata,RARE,VOL,Mali,Serie A TIM,Salernitana,Mín.:300 Máx.:10000,700,0,256,7,false,false
Krovinović,73,Prata,RARE,MEI,Croácia,Camp. Croata,Hajduk Split,Mín.:300 Máx.:10000,1600,0,256,7,false,false
Moleiro,73,Prata,RARE,ME,Espanha,LaLiga SmartBank,UD Las Palmas,Mín.:300 Máx.:10000,700,0,256,7,false,false
Sor,73,Prata,RARE,MD,Nigéria,1A Pro League,KRC Genk,Mín.:300 Máx.:5100,700,0,256,7,false,false
Enric Gallego,73,Prata,RARE,ATA,Espanha,LaLiga SmartBank,C.D. Tenerife,Mín.:300 Máx.:10000,550,0,256,7,false,false
Antenucci,73,Prata,RARE,ATA,Itália,Serie BKT,Bari,Mín.:300 Máx.:10000,600,0,256,7,false,false
Luperto,73,Prata,RARE,ZAG,Itália,Serie A TIM,Empoli,Mín.:300 Máx.:10000,800,0,256,7,false,false
Günok,73,Prata,RARE,GOL,Turquia,Süper Lig,Beşiktaş JK,Mín.:300 Máx.:10000,650,0,256,7,false,false
Stoichkov,73,Prata,RARE,ME,Espanha,LaLiga SmartBank,SD Eibar,Mín.:300 Máx.:10000,800,0,256,7,false,false
Piovi,73,Prata,Especial,VOL,Argentina,Sul-Americana,LDU Quito,Mín.:150 Máx.:10000,1300,0,110,7,false,false
Hjulmand,73,Prata,Comum,VOL,Dinamarca,Serie A TIM,Lecce,Mín.:150 Máx.:10000,1900,0,110,7,false,false
Hadžiahmetović,73,Prata,Comum,VOL,Bósnia-Herzegovina,Süper Lig,Beşiktaş JK,Mín.:150 Máx.:5000,500,0,110,7,false,false
Mohr,73,Prata,Comum,ME,Alemanha,Bundesliga,FC Schalke 04,Mín.:150 Máx.:10000,1200,0,110,7,false,false
Karazor,73,Prata,RARE,VOL,Alemanha,Bundesliga,VfB Stuttgart,Mín.:300 Máx.:10000,750,0,0,7,true,false
Bułka,73,Prata,RARE,GOL,Polônia,Ligue 1 Uber Eats,OGC Nice,Mín.:300 Máx.:10000,1400,0,0,7,true,false
Travers,73,Prata,RARE,GOL,Irlanda,Premier League,AFC Bournemouth,Mín.:300 Máx.:10000,750,0,0,7,true,false
Thielmann,73,Prata,Comum,MD,Alemanha,Bundesliga,1. FC Köln,Mín.:150 Máx.:10000,550,0,0,7,true,false
Kiese Thelin,72,Prata,RARE,ATA,Suécia,Allsvenskan,Malmö FF,Mín.:300 Máx.:10000,650,0,252,7,false,false
Vinicius Souza,72,Prata,RARE,VOL,Brasil,LaLiga Santander,RCD Espanyol,Mín.:300 Máx.:10000,1400,0,252,7,false,false
Šutalo,72,Prata,RARE,ZAG,Croácia,Camp. Croata,Dinamo Zagreb,Mín.:300 Máx.:10000,550,0,252,7,false,false
Gonzáles,72,Prata,RARE,MEI,Peru,ROSHN Saudi League,Al Adalah,Mín.:300 Máx.:10000,1000,0,252,7,false,false
Anselmo,72,Prata,RARE,MC,Brasil,ROSHN Saudi League,Al Wehda,Mín.:300 Máx.:10000,2900,0,252,7,false,false
Eliasson,72,Prata,RARE,ME,Suécia,Hellas Liga,AEK Atenas,Mín.:300 Máx.:10000,750,0,252,7,false,false
Dæhli,72,Prata,RARE,MEI,Noruega,Bundesliga 2,1. FC Nürnberg,Mín.:300 Máx.:10000,850,0,252,7,false,false
Karabec,72,Prata,RARE,MEI,República Tcheca,Česká Liga,Sparta Praga,Mín.:300 Máx.:10000,2000,0,252,7,false,false
Ousou,72,Prata,RARE,ZAG,Suécia,Česká Liga,Slavia Praga,Mín.:300 Máx.:10000,900,0,252,7,false,false
Martínez,72,Prata,RARE,VOL,Venezuela,MLS,Philadelphia,Mín.:300 Máx.:10000,950,0,252,7,false,false
Mensah,72,Prata,RARE,MEI,Gana,Süper Lig,Kayserispor,Mín.:300 Máx.:10000,650,0,252,7,false,false
Cacace,72,Prata,RARE,LE,Nova Zelândia,Serie A TIM,Empoli,Mín.:300 Máx.:10000,750,0,252,7,false,false
Le Marchand,72,Prata,RARE,ZAG,França,Ligue 1 Uber Eats,RC Strasbourg,Mín.:300 Máx.:10000,3900,0,252,7,false,false
Drmić,72,Prata,RARE,ATA,Suíça,Camp. Croata,Dinamo Zagreb,Mín.:300 Máx.:10000,500,0,252,7,false,false
Yiadom,72,Prata,Comum,LD,Gana,EFL Championship,Reading,Mín.:150 Máx.:10000,800,0,108,7,false,false
Mura,72,Prata,Especial,LD,Argentina,Sul-Americana,Racing Club,Mín.:150 Máx.:10000,650,0,108,7,false,false
Paqarada,72,Prata,Comum,LE,Kosovo,Bundesliga 2,FC St. Pauli,Mín.:150 Máx.:10000,500,0,108,7,false,false
Maraš,72,Prata,Comum,ZAG,Sérvia,LaLiga SmartBank,D. Alavés,Mín.:150 Máx.:10000,450,0,108,7,false,false
Gilmour,72,Prata,Comum,MC,Escócia,Premier League,Brighton,Mín.:150 Máx.:10000,1100,0,108,7,false,false
Bracali,71,Prata,RARE,GOL,Brasil,Liga Portugal,Boavista FC,Mín.:250 Máx.:10000,550,0,249,7,false,false
Ambrose,71,Prata,RARE,ATA,França,1A Pro League,KV Oostende,Mín.:250 Máx.:10000,500,0,249,7,false,false
Demir,71,Prata,RARE,MD,Áustria,Süper Lig,Galatasaray SK,Mín.:250 Máx.:10000,1000,0,249,7,false,false
Beltrán,71,Prata,Especial,ATA,Argentina,Libertadores,River Plate,Mín.:250 Máx.:10000,1000,0,249,7,false,false
St. Clair,71,Prata,RARE,GOL,Canadá,MLS,Minnesota United,Mín.:250 Máx.:10000,800,0,249,7,false,false
Jara,71,Prata,Especial,LD,Argentina,Libertadores,Vélez Sarsfield,Mín.:250 Máx.:10000,2800,0,249,7,false,false
Sâyoud,71,Prata,RARE,MEI,Argélia,ROSHN Saudi League,Al Tai,Mín.:250 Máx.:10000,450,0,249,7,false,false
Dina Ebimbe,71,Prata,RARE,MD,França,Bundesliga,Frankfurt,Mín.:250 Máx.:10000,2400,0,249,7,false,false
Băluță,71,Prata,RARE,VOL,Romênia,SUPERLIGA,Farul Constanța,Mín.:250 Máx.:10000,900,0,249,7,false,false
Tang Miao,71,Prata,RARE,ADD,China,CSL,Guangzhou City,Mín.:250 Máx.:10000,600,0,249,7,false,false
Payero,71,Prata,Especial,MC,Argentina,Libertadores,Boca Juniors,Mín.:250 Máx.:10000,950,0,249,7,false,false
Lössl,71,Prata,RARE,GOL,Dinamarca,3F Superliga,FC Midtjylland,Mín.:250 Máx.:10000,850,0,249,7,false,false
Sahiti,71,Prata,Comum,PE,Kosovo,Camp. Croata,Hajduk Split,Mín.:150 Máx.:10000,600,0,107,7,false,false
Stevens,71,Prata,Comum,ADE,Irlanda,EFL Championship,Sheffield Utd,Mín.:150 Máx.:10000,550,0,107,2,false,false
de la Torre,71,Prata,Comum,MC,Estados Unidos,LaLiga Santander,Celta Vigo,Mín.:150 Máx.:10000,1000,0,107,7,false,false
Collocolo,71,Prata,Comum,VOL,Itália,Serie BKT,Ascoli,Mín.:150 Máx.:10000,650,0,107,7,false,false
Martella,71,Prata,Comum,LE,Itália,Serie BKT,Ternana,Mín.:150 Máx.:10000,700,0,107,7,false,false
Cláudio Winck,71,Prata,Comum,LD,Brasil,Liga Portugal,CS Marítimo,Mín.:150 Máx.:10000,1100,0,107,7,false,false
Schäfer,71,Prata,UEFA_EUROPA_RTTF,MC,Hungria,Bundesliga,Union Berlin,Mín.:7500 Máx.:150000,0,0,0,7,true,false
Ashimeru,71,Prata,RARE,MC,Gana,1A Pro League,RSC Anderlecht,Mín.:250 Máx.:10000,500,0,0,7,true,false
Lee Dong Jun,70,Prata,RARE,MD,Coreia,K League 1,Jeonbuk Hyundai,Mín.:250 Máx.:5100,800,0,245,7,false,false
Geis,70,Prata,RARE,VOL,Alemanha,Bundesliga 2,1. FC Nürnberg,Mín.:250 Máx.:10000,700,0,245,7,false,false
Serginho,70,Prata,RARE,MC,Brasil,CSL,Changchun Yatai,Mín.:250 Máx.:10000,500,0,245,7,false,false
Muslija,70,Prata,RARE,ME,Kosovo,Bundesliga 2,SC Paderborn 07,Mín.:250 Máx.:10000,500,0,245,7,false,false
Chicco,70,Prata,Especial,GOL,Argentina,Libertadores,Colón,Mín.:250 Máx.:10000,1000,0,245,7,false,false
Igor Silva,70,Prata,RARE,LD,Brasil,Ligue 1 Uber Eats,FC Lorient,Mín.:250 Máx.:10000,10000,0,245,7,false,false
Ibáñez,70,Prata,Especial,GOL,Argentina,Libertadores,Colón,Mín.:250 Máx.:10000,1000,0,245,7,false,false
Ranieri,70,Prata,RARE,LE,Itália,Serie A TIM,Fiorentina,Mín.:250 Máx.:10000,1000,0,245,7,false,false
Appelkamp,70,Prata,RARE,MEI,Alemanha,Bundesliga 2,Düsseldorf,Mín.:250 Máx.:10000,750,0,245,7,false,false
Budescu,70,Prata,RARE,MEI,Romênia,SUPERLIGA,FC Petrolul,Mín.:250 Máx.:10000,550,0,245,7,false,false
Byrne,70,Prata,RARE,LD,Inglaterra,MLS,Charlotte FC,Mín.:250 Máx.:10000,700,0,245,7,false,false
Velasco,70,Prata,Especial,LE,Colômbia,Sul-Americana,Junior FC,Mín.:150 Máx.:10000,1700,0,105,7,false,false
Nikolaou,70,Prata,Comum,ZAG,Grécia,Serie A TIM,Spezia,Mín.:150 Máx.:10000,750,0,105,7,false,false
Ng,70,Prata,Comum,ADD,Inglaterra,EFL Championship,Cardiff City,Mín.:150 Máx.:10000,700,0,105,7,false,false
Farley,70,Prata,Comum,ME,Brasil,CSL,Tianjin JMT FC,Mín.:150 Máx.:10000,450,0,105,7,false,false
Naughton,70,Prata,Comum,ZAG,Inglaterra,EFL Championship,Swansea City,Mín.:150 Máx.:10000,550,0,105,7,false,false
Thiago Cionek,70,Prata,Comum,ZAG,Polônia,Serie BKT,Reggina,Mín.:150 Máx.:10000,1000,0,105,7,false,false
Lucas Possignolo,70,Prata,Comum,ZAG,Brasil,CSL,Zhejiang Pro,Mín.:150 Máx.:10000,600,0,105,7,false,false
Davies,70,Prata,Comum,GOL,País de Gales,EFL Championship,Sheffield Utd,Mín.:150 Máx.:10000,900,0,105,7,false,false
Corvalán,70,Prata,Especial,LE,Argentina,Sul-Americana,Unión,Mín.:150 Máx.:10000,950,0,0,7,true,false
Rieks,70,Prata,RARE,PE,Dinamarca,Allsvenskan,Malmö FF,Mín.:250 Máx.:10000,700,0,0,7,true,false
Vetlesen,69,Prata,RARE,MC,Noruega,Eliteserien,FK Bodø/Glimt,Mín.:250 Máx.:10000,450,0,242,7,false,false
Piris Da Motta,69,Prata,Especial,VOL,Paraguai,Libertadores,Cerro Porteño,Mín.:250 Máx.:10000,750,0,242,7,false,false
Schöppner,69,Prata,RARE,VOL,Alemanha,Bundesliga 2,Heidenheim,Mín.:250 Máx.:10000,500,0,242,7,false,false
Anderson,69,Prata,RARE,ME,Inglaterra,EFL Championship,Blackpool,Mín.:250 Máx.:10000,1000,0,242,7,false,false
Tosin,69,Prata,RARE,ATA,Benin,CSSL ,FC Zürich,Mín.:250 Máx.:10000,4500,0,242,7,false,false
Karaman,69,Prata,Comum,ATA,Turquia,Bundesliga,FC Schalke 04,Mín.:150 Máx.:10000,650,0,104,7,false,false
Slimane,69,Prata,Comum,MEI,Tunísia,3F Superliga,Brøndby IF,Mín.:150 Máx.:10000,5000,0,104,7,false,false
Brynhildsen,69,Prata,Comum,ME,Noruega,Eliteserien,Molde FK,Mín.:150 Máx.:10000,10000,0,104,7,false,false
Kadrii,69,Prata,Comum,ATA,Dinamarca,3F Superliga,Odense Boldklub,Mín.:150 Máx.:10000,800,0,104,7,false,false
Peterson,69,Prata,Comum,ME,Suécia,Bundesliga 2,Düsseldorf,Mín.:150 Máx.:10000,900,0,104,7,false,false
Pillud,69,Prata,Especial,LD,Argentina,Sul-Americana,Racing Club,Mín.:150 Máx.:10000,700,0,104,7,false,false
Lobry,69,Prata,Comum,MEI,França,Ligue 2 BKT,AS Saint-Étienne,Mín.:150 Máx.:10000,550,0,104,7,false,false
Rosero,69,Prata,Especial,ZAG,Colômbia,Sul-Americana,Junior FC,Mín.:150 Máx.:10000,850,0,104,7,false,false
Colback,69,Prata,Comum,VOL,Inglaterra,Premier League,Nott'm Forest,Mín.:150 Máx.:10000,700,0,104,7,false,false
Fran Gámez,69,Prata,Comum,LD,Espanha,LaLiga SmartBank,Real Zaragoza,Mín.:150 Máx.:10000,800,0,104,7,false,false
Pizarro,69,Prata,Comum,MEI,México,MLS,Inter Miami,Mín.:150 Máx.:10000,500,0,104,7,false,false
Børven,69,Prata,Comum,ATA,Noruega,Eliteserien,Vålerenga,Mín.:150 Máx.:10000,500,0,104,7,false,false
Lihadji,69,Prata,Comum,MD,França,EFL Championship,Sunderland,Mín.:150 Máx.:5000,2000,0,0,7,true,false
Diallo,69,Prata,Comum,MD,C. Marfim,EFL Championship,Sunderland,Mín.:150 Máx.:10000,550,0,0,7,true,false
Caicedo,68,Prata,Especial,LD,Equador,Libertadores,Emelec,Mín.:250 Máx.:10000,1300,0,238,7,false,false
Debeljuh,68,Prata,RARE,ATA,Croácia,SUPERLIGA,CFR 1907 Cluj,Mín.:250 Máx.:10000,650,0,238,7,false,false
Bär,68,Prata,RARE,ATA,Alemanha,3. Liga,1860 München,Mín.:250 Máx.:10000,750,0,238,7,false,false
Heymans,68,Prata,RARE,MEI,Bélgica,1A Pro League,Sp. Charleroi,Mín.:250 Máx.:10000,650,0,238,7,false,false
Burnić,68,Prata,Comum,MC,Alemanha,Bundesliga 2,Heidenheim,Mín.:150 Máx.:10000,600,0,102,7,false,false
Larotonda,68,Prata,Especial,VOL,Venezuela,Sul-Americana,Metropolitanos,Mín.:150 Máx.:10000,900,0,102,7,false,false
Gondou,68,Prata,Comum,ATA,Argentina,LPF,Sarmiento,Mín.:150 Máx.:10000,700,0,102,7,false,false
Diagne,68,Prata,Comum,ZAG,Senegal,Hero ISL,Chennaiyin FC,Mín.:150 Máx.:10000,1000,0,102,7,false,false
Acosta,68,Prata,Especial,LD,Uruguai,Sul-Americana,Wanderers,Mín.:150 Máx.:10000,1100,0,102,7,false,false
Mora,68,Prata,Comum,LE,Costa Rica,MLS,Charlotte FC,Mín.:150 Máx.:10000,500,0,102,7,false,false
Yu Sang Hun,68,Prata,Comum,GOL,Coreia,K League 1,Gangwon FC,Mín.:150 Máx.:10000,700,0,102,7,false,false
Idah,68,Prata,Comum,ATA,Irlanda,EFL Championship,Norwich City,Mín.:150 Máx.:10000,950,0,102,7,false,false
Nuñez,68,Prata,Comum,ZAG,Hong Kong,CSL,Dalian Pro,Mín.:150 Máx.:10000,950,0,102,7,false,false
Johnson,68,Prata,Comum,VOL,Inglaterra,EFL League One,MK Dons,Mín.:150 Máx.:10000,450,0,102,7,false,false
Melia,68,Prata,Comum,GOL,Estados Unidos,MLS,Sporting KC,Mín.:150 Máx.:10000,500,0,102,7,false,false
Lima,68,Prata,Comum,LD,Estados Unidos,MLS,Austin FC,Mín.:150 Máx.:10000,450,0,102,7,false,false
Jofre Carreras,68,Prata,Comum,MD,Espanha,LaLiga SmartBank,CD Mirandés,Mín.:150 Máx.:10000,850,0,102,7,false,false
Samardžić,68,Prata,Comum,MEI,Alemanha,Serie A TIM,Udinese,Mín.:150 Máx.:10000,1000,0,102,7,false,false
Torres,68,Prata,Especial,ATA,Panamá,Sul-Americana,Antofagasta,Mín.:150 Máx.:10000,1100,0,0,7,true,false
Ghareeb,68,Prata,Comum,ME,Arábia Saudita,ROSHN Saudi League,Al Nassr,Mín.:150 Máx.:10000,450,0,0,7,true,false
Hashimoto,68,Prata,Comum,MEI,Japão,LaLiga SmartBank,SD Huesca,Mín.:150 Máx.:10000,600,0,0,7,true,false
Leerdam,68,Prata,Comum,LD,Suriname,MLS,LA Galaxy,Mín.:150 Máx.:10000,10000,0,0,7,true,false
Espinoza,68,Prata,RARE,MC,Honduras,MLS,Sporting KC,Mín.:250 Máx.:10000,1000,0,0,7,true,false
Jäkel,68,Prata,RARE,ZAG,Alemanha,Bundesliga 2,Arminia Bielefeld,Mín.:250 Máx.:10000,700,0,0,7,true,false
Rebolledo,67,Prata,Especial,LD,Chile,Libertadores,Uni. Católica,Mín.:250 Máx.:10000,4000,0,235,7,false,false
Caballero,67,Prata,Especial,VOL,Paraguai,Libertadores,Libertad,Mín.:250 Máx.:10000,550,0,235,7,false,false
Paulo Estrela,67,Prata,Comum,MC,Portugal,Liga Portugal,Portimonense SC,Mín.:150 Máx.:10000,450,0,101,7,false,false
Arriaga,67,Prata,Comum,VOL,Honduras,MLS,Minnesota United,Mín.:150 Máx.:10000,550,0,101,7,false,false
Dietsch,67,Prata,Comum,GOL,França,1A Pro League,RFC Seraing,Mín.:150 Máx.:10000,650,0,101,7,false,false
Ryu Jae Moon,67,Prata,Comum,VOL,Coreia,K League 1,Jeonbuk Hyundai,Mín.:150 Máx.:10000,400,0,101,7,false,false
Williams,67,Prata,Comum,MD,Austrália,A-League,Perth Glory,Mín.:150 Máx.:10000,500,0,101,7,false,false
Balogun,67,Prata,Comum,ATA,Inglaterra,Ligue 1 Uber Eats,Stade de Reims,Mín.:150 Máx.:10000,9600,0,101,7,false,false
Cebula,67,Prata,Comum,SA,Polônia,PKO Ekstraklasa,Raków,Mín.:150 Máx.:10000,750,0,101,7,false,false
Martín Calderón,67,Prata,Comum,VOL,Espanha,LaLiga Santander,Celta Vigo,Mín.:150 Máx.:10000,900,0,101,7,false,false
Angielski,67,Prata,Comum,ATA,Polônia,Süper Lig,Sivasspor,Mín.:150 Máx.:10000,700,0,101,7,false,false
Scowen,67,Prata,Comum,VOL,Inglaterra,EFL League One,Wycombe,Mín.:150 Máx.:10000,500,0,101,7,false,false
Horvat,67,Prata,Comum,MC,Eslovênia,Ö. Bundesliga,SK Sturm Graz,Mín.:150 Máx.:10000,10000,0,101,7,false,false
Decarli,67,Prata,Comum,ZAG,Suíça,Bundesliga 2,Braunschweig,Mín.:150 Máx.:10000,600,0,101,7,false,false
Türkmen,67,Prata,Comum,ZAG,Turquia,Süper Lig,Trabzonspor,Mín.:150 Máx.:10000,800,0,101,7,false,false
Tandazo,67,Prata,Especial,MC,Peru,Sul-Americana,Melgar,Mín.:150 Máx.:10000,1200,0,101,7,false,false
Ronstadt,67,Prata,Comum,LD,Alemanha,Bundesliga 2,SV Darmstadt 98,Mín.:150 Máx.:10000,650,0,101,7,false,false
Sekulić,67,Prata,Comum,LD,Eslováquia,PKO Ekstraklasa,Górnik Zabrze,Mín.:150 Máx.:5000,1800,0,101,7,false,false
Wimmer,67,Prata,Comum,ZAG,Áustria,Ö. Bundesliga,Austria Klagenfurt,Mín.:150 Máx.:10000,600,0,101,7,false,false
Schnegg,67,Prata,Comum,LE,Áustria,Ö. Bundesliga,SK Sturm Graz,Mín.:150 Máx.:10000,900,0,101,7,false,false
Engel,67,Prata,Comum,LE,Dinamarca,3F Superliga,Silkeborg IF,Mín.:150 Máx.:10000,0,0,101,7,false,false
Orellana,67,Prata,Especial,PE,Chile,Sul-Americana,Unión La Calera,Mín.:150 Máx.:10000,750,0,0,7,true,false
Smallbone,67,Prata,Comum,MC,Irlanda,EFL Championship,Stoke City,Mín.:150 Máx.:10000,550,0,0,7,true,false
Hinterseer,67,Prata,Comum,ATA,Áustria,Bundesliga 2,Hansa Rostock,Mín.:150 Máx.:10000,600,0,0,7,true,false
Doyle-Hayes,66,Prata,Comum,MC,Irlanda,cinch Prem,Hibernian,Mín.:150 Máx.:10000,1900,0,99,2,false,false
Steijn,66,Prata,Comum,MEI,Holanda,Eredivisie,FC Twente,Mín.:150 Máx.:10000,1000,0,99,7,false,false
Pettinari,66,Prata,Comum,ATA,Itália,Serie BKT,Benevento,Mín.:150 Máx.:5000,650,0,99,7,false,false
---,66,Prata,Comum,ME,Arábia Saudita,ROSHN Saudi League,Al Shabab,Mín.:150 Máx.:10000,450,0,99,7,false,false
Ndicka Matam,66,Prata,Comum,ADE,França,1A Pro League,KV Oostende,Mín.:150 Máx.:10000,600,0,99,7,false,false
Reynolds,66,Prata,Comum,LD,Estados Unidos,1A Pro League,KVC Westerlo,Mín.:150 Máx.:10000,750,0,99,7,false,false
Pink,66,Prata,Comum,ATA,Áustria,Ö. Bundesliga,Austria Klagenfurt,Mín.:150 Máx.:10000,700,0,99,7,false,false
Cheukoua,66,Prata,Comum,PD,Camarões,Ö. Bundesliga,SC Austria,Mín.:150 Máx.:10000,450,0,99,7,false,false
Renê Santos,66,Prata,Comum,ZAG,Brasil,Liga Portugal,CS Marítimo,Mín.:150 Máx.:5000,700,0,99,7,false,false
Tahiri,66,Prata,Comum,MC,Marrocos,Eredivisie,sc Heerenveen,Mín.:150 Máx.:10000,2000,0,99,7,false,false
Michael,66,Prata,Comum,MC,Nigéria,Ö. Bundesliga,SV Ried,Mín.:150 Máx.:10000,1900,0,99,7,false,false
Sykes,66,Prata,Comum,PD,Irlanda,EFL Championship,Bristol City,Mín.:150 Máx.:10000,2400,0,99,2,false,false
Clavería,66,Prata,Comum,MC,Espanha,LaLiga SmartBank,CD Lugo,Mín.:150 Máx.:10000,700,0,99,7,false,false
Touré,66,Prata,Comum,ZAG,Senegal,Ligue 2 BKT,Dijon FCO,Mín.:150 Máx.:10000,1900,0,99,7,false,false
Cousins,66,Prata,Comum,VOL,Jamaica,EFL Championship,Wigan Athletic,Mín.:150 Máx.:10000,550,0,99,7,false,false
Perez,66,Prata,Comum,VOL,França,Ligue 2 BKT,Grenoble Foot 38,Mín.:150 Máx.:10000,600,0,99,7,false,false
Alex Gorrín,66,Prata,Comum,VOL,Espanha,EFL League One,Oxford United,Mín.:150 Máx.:10000,650,0,99,7,false,false
Smith,66,Prata,Comum,LD,Escócia,cinch Prem,Dundee United,Mín.:150 Máx.:10000,5000,0,99,7,false,false
Vilsvik,66,Prata,Comum,LD,Noruega,Eliteserien,Strømsgodset IF,Mín.:150 Máx.:10000,450,0,99,7,false,false
Lindsey,66,Prata,Comum,LD,Estados Unidos,MLS,Charlotte FC,Mín.:150 Máx.:10000,500,0,99,7,false,false
Kwon Chang Hoon,66,Prata,Comum,PD,Coreia,K League 1,Gimcheon Sangmu,Mín.:150 Máx.:10000,650,0,0,7,true,false
Caicedo,65,Prata,Especial,ME,Equador,Libertadores,Emelec,Mín.:250 Máx.:10000,1100,0,228,7,false,false
Ișfan,65,Prata,RARE,PD,Romênia,SUPERLIGA,Univ. Craiova,Mín.:250 Máx.:5000,650,0,228,7,false,false
Marabel,65,Prata,Especial,ATA,Paraguai,Sul-Americana,Unión,Mín.:150 Máx.:10000,850,0,98,7,false,false
Guindo,65,Prata,Comum,LE,Mali,Ö. Bundesliga,RB Salzburg,Mín.:150 Máx.:5000,700,0,98,7,false,false
Oriol Rey,65,Prata,Comum,MC,Espanha,LaLiga SmartBank,CD Mirandés,Mín.:150 Máx.:10000,1300,0,98,7,false,false
Diakité,65,Prata,Comum,ZAG,França,Serie BKT,Ternana,Mín.:150 Máx.:10000,600,0,98,7,false,false
Westberg,65,Prata,Comum,GOL,Estados Unidos,MLS,Atlanta United,Mín.:150 Máx.:5000,500,0,98,7,false,false
Makuch,65,Prata,Comum,ATA,Polônia,PKO Ekstraklasa,Cracóvia,Mín.:150 Máx.:10000,500,0,98,7,false,false
Davis,65,Prata,Comum,ADE,Inglaterra,EFL League One,Ipswich Town,Mín.:150 Máx.:10000,700,0,98,7,false,false
Bate,65,Prata,Comum,MC,Inglaterra,EFL League One,Oxford United,Mín.:150 Máx.:10000,800,0,98,7,false,false
Domaschke,65,Prata,Comum,GOL,Alemanha,3. Liga,SV Meppen,Mín.:150 Máx.:10000,750,0,98,7,false,false
Kharchouch,65,Prata,Comum,ATA,Holanda,Eredivisie,Excelsior,Mín.:150 Máx.:10000,600,0,98,7,false,false
Pittman,65,Prata,Comum,MC,Escócia,cinch Prem,Livingston,Mín.:150 Máx.:10000,550,0,98,7,false,false
Avevor,65,Prata,Comum,ZAG,Alemanha,Bundesliga 2,FC St. Pauli,Mín.:150 Máx.:10000,1700,0,98,7,false,false
Kasumu,65,Prata,Comum,MC,Nigéria,EFL Championship,Huddersfield,Mín.:150 Máx.:10000,450,0,98,7,false,false
Rossipal,65,Prata,Comum,LE,Alemanha,3. Liga,SV Waldhof,Mín.:150 Máx.:10000,500,0,98,7,false,false
Cisse,65,Prata,Comum,VOL,Guiné,LaLiga SmartBank,CD Leganés,Mín.:150 Máx.:10000,600,0,98,7,false,false
Arrascaita,65,Prata,Especial,ME,Bolívia,Libertadores,The Strongest,Mín.:250 Máx.:10000,950,0,0,7,true,false
Burey,65,Prata,Comum,ATA,Inglaterra,EFL Championship,Millwall,Mín.:150 Máx.:10000,800,0,0,7,true,false
Wing,65,Prata,Comum,MC,Inglaterra,EFL League One,Wycombe,Mín.:150 Máx.:10000,500,0,0,7,true,false
Di Pardo,65,Prata,Comum,MD,Itália,Serie BKT,Cagliari,Mín.:150 Máx.:10000,3000,0,0,7,true,false
Grimaldo,64,Bronze,Especial,MEI,Peru,Libertadores,Sporting Cristal,Mín.:150 Máx.:10000,1300,0,48,7,false,false
Popescu,64,Bronze,RARE,ZAG,Romênia,SUPERLIGA,Farul Constanța,Mín.:150 Máx.:10000,250,0,48,7,false,false
Worrall,64,Bronze,RARE,ADD,Inglaterra,EFL League One,Port Vale,Mín.:150 Máx.:10000,450,0,0,7,true,false
Saghiri,64,Bronze,RARE,VOL,Alemanha,3. Liga,Viktoria Köln,Mín.:150 Máx.:10000,200,0,0,7,true,false
Santos,63,Bronze,RARE,MD,Dinamarca,3F Superliga,AC Horsens,Mín.:150 Máx.:10000,200,0,47,7,false,false
Woźniak,63,Bronze,RARE,MD,Polônia,PKO Ekstraklasa,Zagłębie Lubin,Mín.:150 Máx.:10000,200,0,47,7,false,false
Naschberger,63,Bronze,RARE,MC,Áustria,Ö. Bundesliga,WSG Tirol,Mín.:150 Máx.:10000,350,0,47,7,false,false
Brolin,63,Bronze,RARE,GOL,Suécia,3F Superliga,AC Horsens,Mín.:150 Máx.:5100,5100,0,47,7,false,false
Versaci,63,Bronze,Especial,ME,Argentina,Sul-Americana,Defensa,Mín.:150 Máx.:10000,1200,0,19,7,false,false
Murkin,63,Bronze,Comum,LE,Inglaterra,Eredivisie,FC Volendam,Mín.:150 Máx.:10000,1600,0,19,7,false,false
Loren Zúñiga,63,Bronze,Comum,ATA,Espanha,LaLiga SmartBank,Málaga CF,Mín.:150 Máx.:10000,0,0,19,7,false,false
Tsouka,63,Bronze,Comum,LD,Congo,1A Pro League,Zulte Waregem,Mín.:150 Máx.:10000,9000,0,19,7,false,false
Morris,63,Bronze,Comum,GOL,Inglaterra,EFL League Two,Gillingham,Mín.:150 Máx.:10000,0,0,19,7,false,false
Caldera,63,Bronze,Especial,ZAG,Colômbia,Libertadores,Deportivo Cali,Mín.:150 Máx.:10000,850,0,0,7,true,false
Alston,62,Bronze,RARE,MC,Escócia,cinch Prem,Kilmarnock,Mín.:150 Máx.:10000,300,0,47,7,false,false
Judge,62,Bronze,RARE,MC,Irlanda,EFL League Two,Colchester,Mín.:150 Máx.:10000,350,0,47,7,false,false
Szécsi,62,Bronze,RARE,GOL,Hungria,Liga Magiar,Ferencvárosi TC,Mín.:150 Máx.:10000,250,0,47,7,false,false
Doyle,62,Bronze,RARE,GOL,Irlanda,EFL League Two,Bradford City,Mín.:150 Máx.:10000,200,0,47,7,false,false
Watkowiak,62,Bronze,RARE,GOL,Alemanha,CSSL ,FC St. Gallen,Mín.:150 Máx.:10000,3000,0,47,7,false,false
Feng Jin,62,Bronze,Comum,ADD,China,CSL,Shanghai Port,Mín.:150 Máx.:10000,200,0,19,7,false,false
Sezonienko,62,Bronze,Comum,ME,Polônia,PKO Ekstraklasa,Lechia Gdańsk,Mín.:150 Máx.:10000,200,0,19,7,false,false
Etim,62,Bronze,Comum,ATA,Nigéria,Liga Portugal,FC Vizela,Mín.:150 Máx.:10000,200,0,19,7,false,false
Vancooten,62,Bronze,Comum,ZAG,Guiana,EFL League Two,Stevenage,Mín.:150 Máx.:10000,250,0,19,7,false,false
Divković,62,Bronze,Comum,ATA,Croácia,3F Superliga,Brøndby IF,Mín.:150 Máx.:10000,250,0,19,7,false,false
Ríos Alonso,62,Bronze,Comum,ZAG,Alemanha,3. Liga,Rot-Weiss Essen,Mín.:150 Máx.:10000,900,0,19,7,false,false
Laws,62,Bronze,Comum,ZAG,Austrália,A-League,Well. Phoenix,Mín.:150 Máx.:10000,4000,0,0,7,true,false
Cheng Jin,62,Bronze,Comum,ME,China,CSL,Zhejiang Pro,Mín.:150 Máx.:10000,2800,0,0,7,true,false
Marie,62,Bronze,Comum,LD,França,MLS,SJ Earthquakes,Mín.:150 Máx.:10000,400,0,0,7,true,false
Flores,61,Bronze,RARE,VOL,Inglaterra,SSE Airtricity PD,Bohemian FC,Mín.:150 Máx.:10000,200,0,46,7,false,false
Blănaru,61,Bronze,Comum,PD,Romênia,SUPERLIGA,CS Mioveni,Mín.:150 Máx.:10000,2300,0,18,7,false,false
Vagiannidis,61,Bronze,Comum,LD,Grécia,Hellas Liga,Panathinaikos,Mín.:150 Máx.:10000,700,0,18,7,false,false
Burgoyne,61,Bronze,Comum,GOL,Inglaterra,EFL League One,Shrewsbury,Mín.:150 Máx.:10000,200,0,18,7,false,false
Ibarra,61,Bronze,Comum,VOL,Venezuela,Sul-Americana,Dep. La Guaira,Mín.:150 Máx.:10000,800,0,18,7,false,false
Ji Dong Won,61,Bronze,Comum,ATA,Coreia,K League 1,FC Seoul,Mín.:150 Máx.:10000,10000,0,18,7,false,false
Ahn Yong Woo,61,Bronze,Comum,ADE,Coreia,K League 1,Daegu FC,Mín.:150 Máx.:10000,850,0,0,7,true,false
Hajrizi,61,Bronze,Especial,ZAG,Kosovo,CSSL ,FC Lugano,Mín.:1000 Máx.:10000,0,0,0,7,true,false
Lee Tae Suk,61,Bronze,Especial,LE,Coreia,K League 1,FC Seoul,Mín.:1000 Máx.:10000,0,0,0,7,true,false
Isac,61,Bronze,Especial,MC,Romênia,SUPERLIGA,UTA Arad,Mín.:1000 Máx.:10000,0,0,0,7,true,false
Mouanga,61,Bronze,Especial,ZAG,França,Ligue 2 BKT,FC Annecy,Mín.:1000 Máx.:10000,0,0,0,7,true,false
Ogie,61,Bronze,Especial,ZAG,Irlanda,EFL League Two,Leyton Orient,Mín.:1000 Máx.:10000,7500,0,0,7,true,false
Bentil,61,Bronze,Especial,ATA,Gana,Ligue 2 BKT,Cham. Niortais,Mín.:1000 Máx.:10000,0,0,0,7,true,false
Opsahl,61,Bronze,Especial,ZAG,Noruega,Eliteserien,HamKam Fotball,Mín.:1000 Máx.:10000,0,0,0,7,true,false
Wilmering,60,Bronze,RARE,LE,Austrália,A-League,WS Wanderers,Mín.:150 Máx.:10000,400,0,45,7,false,false
Koudossou,60,Bronze,RARE,MD,Alemanha,Ö. Bundesliga,SC Austria,Mín.:150 Máx.:10000,200,0,45,7,false,false
Hiszpański,60,Bronze,Comum,ADE,Polônia,PKO Ekstraklasa,Stal Mielec,Mín.:150 Máx.:10000,200,0,18,7,false,false
Smith,60,Bronze,Comum,ATA,Escócia,SSE Airtricity PD,Shelbourne,Mín.:150 Máx.:10000,800,0,18,7,false,false
Acquah,60,Bronze,Comum,MC,Gana,Allsvenskan,Helsingborg IF,Mín.:150 Máx.:10000,200,0,18,7,false,false
John,60,Bronze,Comum,ZAG,Inglaterra,EFL League Two,Rochdale,Mín.:150 Máx.:10000,350,0,18,7,false,false
Andersen,60,Bronze,Comum,ADD,Dinamarca,3F Superliga,Lyngby BK,Mín.:150 Máx.:10000,200,0,18,7,false,false
Al Bakr,60,Bronze,Comum,LD,Arábia Saudita,ROSHN Saudi League,Al Taawoun,Mín.:150 Máx.:10000,500,0,18,0,false,false
Luo Xin,60,Bronze,Comum,ZAG,China,CSL,Henan SSLM FC,Mín.:150 Máx.:10000,250,0,18,7,false,false
Coudert,60,Bronze,Especial,GOL,França,Ligue 1 Uber Eats,Stade Brest,Mín.:150 Máx.:10000,3350,0,0,7,true,false
Durso,60,Bronze,Especial,GOL,Argentina,LPF,Gimnasia,Mín.:100 Máx.:200,0,0,0,7,true,false
Al Anazi,60,Bronze,Comum,MC,Arábia Saudita,ROSHN Saudi League,Damac FC,Mín.:150 Máx.:10000,10000,0,0,7,true,false
Morínigo,59,Bronze,Especial,GOL,Paraguai,Libertadores,Libertad,Mín.:150 Máx.:10000,850,0,44,7,false,false
Hall-Johnson,59,Bronze,Comum,ADD,Inglaterra,5ª Div. Inglesa,Wrexham AFC,Mín.:150 Máx.:10000,200,0,18,7,false,false
Jeong Ho Jin,59,Bronze,Comum,VOL,Coreia,K League 1,Suwon Samsung,Mín.:150 Máx.:10000,6700,0,18,7,false,false
Lim Min Hyuk,59,Bronze,Comum,MC,Coreia,K League 1,FC Seoul,Mín.:150 Máx.:10000,600,0,18,7,false,false
Al Burayh,59,Bronze,Comum,ZAG,Arábia Saudita,ROSHN Saudi League,Al Adalah,Mín.:150 Máx.:10000,1600,0,18,7,false,false
Klitten,59,Bronze,Comum,LE,Dinamarca,3F Superliga,Silkeborg IF,Mín.:150 Máx.:10000,200,0,18,7,false,false
Weyand,59,Bronze,Comum,GOL,Alemanha,Bundesliga 2,Kaiserslautern,Mín.:150 Máx.:10000,200,0,18,7,false,false
Cornelius,59,Bronze,Comum,MC,Escócia,cinch Prem,Motherwell,Mín.:150 Máx.:10000,200,0,18,7,false,false
Reiziger,59,Bronze,Comum,GOL,Holanda,Eredivisie,Vitesse,Mín.:150 Máx.:10000,500,0,18,7,false,false
Andronache,59,Bronze,Comum,ATA,Romênia,SUPERLIGA,Farul Constanța,Mín.:150 Máx.:10000,200,0,18,7,false,false
Bheke,59,Bronze,Comum,ZAG,Índia,Hero ISL,Mumbai City FC,Mín.:150 Máx.:10000,250,0,0,7,true,false
Agbo,58,Bronze,RARE,MC,Gana,Eliteserien,Kristiansund BK,Mín.:150 Máx.:10000,500,0,44,7,false,false
Vouilloz,58,Bronze,Comum,ZAG,Suíça,CSSL ,Servette FC,Mín.:150 Máx.:10000,700,0,17,7,false,false
Thorkelsson,58,Bronze,Comum,ZAG,Islândia,MLS,CF Montréal,Mín.:150 Máx.:10000,0,0,17,7,false,false
Mina,58,Bronze,Comum,ZAG,Equador,Libertadores,IDV,Mín.:150 Máx.:10000,600,0,17,7,false,false
Pérez,58,Bronze,Especial,MC,Chile,Sul-Americana,Unión La Calera,Mín.:150 Máx.:10000,750,0,17,7,false,false
Kisiel,58,Bronze,Comum,VOL,Polônia,PKO Ekstraklasa,Legia Varsóvia,Mín.:150 Máx.:10000,200,0,17,7,false,false
Brindell-South,58,Bronze,Comum,LD,Austrália,A-League,Brisbane Roar,Mín.:150 Máx.:10000,200,0,17,7,false,false
Restes,58,Bronze,Comum,GOL,França,Ligue 1 Uber Eats,Toulouse FC,Mín.:150 Máx.:10000,1700,0,17,7,false,false
Li Hailong,58,Bronze,Comum,LD,China,CSL,Shandong Taishan,Mín.:150 Máx.:10000,200,0,17,7,false,false
Doungel,57,Bronze,Comum,MD,Índia,Hero ISL,Jamshedpur FC,Mín.:150 Máx.:10000,200,0,17,7,false,false
Kempter,57,Bronze,Comum,LE,Filipinas,CSSL ,FC St. Gallen,Mín.:150 Máx.:10000,200,0,17,7,false,false
Kim Ju Yeop,57,Bronze,Comum,ADD,Coreia,K League 1,Suwon FC,Mín.:150 Máx.:10000,200,0,17,7,false,false
Al Shammari,57,Bronze,Comum,GOL,Arábia Saudita,ROSHN Saudi League,Abha Club,Mín.:150 Máx.:10000,200,0,17,6,false,false
Bersano,57,Bronze,Comum,GOL,Estados Unidos,MLS,Austin FC,Mín.:150 Máx.:5100,250,0,0,7,true,false
Beccari,57,Bronze,Comum,GOL,Itália,Ö. Bundesliga,WSG Tirol,Mín.:150 Máx.:10000,200,0,0,7,true,false
Yan Zhiyu,56,Bronze,Comum,LE,China,CSL,Changchun Yatai,Mín.:150 Máx.:10000,200,0,17,7,false,false
Zabala,56,Bronze,Comum,MC,Austrália,A-League,Brisbane Roar,Mín.:150 Máx.:10000,200,0,17,7,false,false
Rad,56,Bronze,Comum,ZAG,Estados Unidos,MLS,Sporting KC,Mín.:150 Máx.:10000,200,0,17,7,false,false
Szmyt,56,Bronze,Comum,ME,Polônia,PKO Ekstraklasa,Warta Poznań,Mín.:150 Máx.:10000,200,0,17,7,false,false
Khan,55,Bronze,Comum,MC,Gâmbia,EFL League Two,Swindon Town,Mín.:150 Máx.:10000,200,0,17,7,false,false
Robertsen,55,Bronze,Comum,ADD,Noruega,Eliteserien,Tromsø IL,Mín.:150 Máx.:10000,200,0,17,7,false,false
Lepczyński,55,Bronze,Comum,ZAG,Polônia,PKO Ekstraklasa,Zagłębie Lubin,Mín.:150 Máx.:10000,200,0,17,7,false,false
